amino_acid,smiles,tip3p,chagb,zap9,bestgb,asc,igb
ala2-abt,CNC(=O)[C@H](C)NC(C)O,-17.86,-17.668,-13.4767,-15.7133,-16.482,-18.283
ala-abt,CNC(=O)[C@H](C)NC(C)O,-14.01,-13.4394,-10.1085,-12.0163,-13.584000000000001,-14.475999999999999
arg2-abt,CNC(=O)[C@H](CCCNC(N)=[NH2+])NC(C)O,-77.28,-79.8774,-77.9541,-74.2841,-88.221,-79.47800000000001
arg-abt,CNC(=O)[C@H](CCCNC(N)=[NH2+])NC(C)O,-60.99,-64.0845,-62.8043,-58.613,-62.977999999999994,-61.841
ash2-abt,CNC(O)C(CC(O)O)NC(C)O,-22.03,-20.4208,-18.2028,-19.3619,-22.451999999999998,-24.048
ash-abt,CNC(O)C(CC(O)O)NC(C)O,-16.74,-16.1625,-14.2449,-14.7489,-17.754,-18.555
asn2-abt,CNC(=O)[C@H](CC(N)=O)NC(C)O,-23.38,-23.6501,-19.6122,-21.8267,-24.589000000000002,-25.578
asn-abt,CNC(=O)[C@H](CC(N)=O)NC(C)O,-20.88,-20.9514,-17.3175,-19.3384,-21.811999999999998,-23.062
asp2-abt,CNC(=O)[C@H](CC(=O)O)NC(C)O,-79.38,-78.47,-66.4672,-77.5217,-82.609,-80.504
asp-abt,CNC(=O)[C@H](CC(=O)O)NC(C)O,-77.86,-78.8793,-66.8166,-77.2555,-83.39,-79.252
cys2-abt,CNC(=O)[C@H](CS)NC(C)O,-17.97,-18.4413,-13.4913,-16.678,-17.285,-18.949
cys-abt,CNC(=O)[C@H](CS)NC(C)O,-18.18,-17.2738,-12.978,-17.1626,-17.958,-17.877
glh2-abt,CNC(O)C(CCC(O)O)NC(C)O,-22.18,-20.0681,-17.6862,-18.9691,-21.902,-23.507
glh-abt,CNC(O)C(CCC(O)O)NC(C)O,-17.16,-16.5192,-13.9507,-14.7661,-17.543,-19.276
gln2-abt,CNC(=O)[C@H](CCC(N)=O)NC(C)O,-27.63,-29.0749,-22.8807,-25.4931,-28.658,-29.79
gln-abt,CNC(=O)[C@H](CCC(N)=O)NC(C)O,-18.4,-18.4645,-14.9554,-16.5807,-18.95,-20.093
glu2-abt,CNC(=O)[C@H](CCC(=O)O)NC(C)O,-76.31,-75.6935,-64.1642,-74.9167,-79.387,-78.344
glu-abt,CNC(=O)[C@H](CCC(=O)O)NC(C)O,-79.0,-79.2703,-67.2801,-77.9689,-84.36,-81.05600000000001
gly2-abt,CNC(=O)CNC(C)O,-18.45,-18.5584,-14.7309,-17.0185,-18.468,-19.66
gly-abt,CNC(=O)CNC(C)O,-13.91,-14.1016,-10.4407,-12.3471,-14.472000000000001,-14.687000000000001
hsd2-abt,CNC(O)C(CC1CNCN1)NC(C)O,-22.12,-22.802,-19.7582,-22.2727,-22.171,-23.918999999999997
hsd-abt,CNC(O)C(CC1CNCN1)NC(C)O,-23.63,-22.2704,-20.5206,-23.1735,-24.413,-25.187
ile2-abt,CC[C@H](C)[C@H](NC(C)O)C(=O)NC,-19.29,-17.3048,-13.5127,-15.9017,-15.812000000000001,-18.45
ile-abt,CC[C@H](C)[C@H](NC(C)O)C(=O)NC,-11.99,-11.3498,-8.12305,-9.76269,-9.959999999999999,-10.494
leu2-abt,CNC(=O)[C@H](CC(C)C)NC(C)O,-18.45,-17.6972,-13.3664,-15.9906,-16.214,-18.581
leu-abt,CNC(=O)[C@H](CC(C)C)NC(C)O,-12.58,-11.0711,-8.09159,-9.69961,-10.039,-11.1
lys2-abt,CNC(=O)[C@H](CCCC[NH3+])NC(C)O,-82.65,-82.2351,-88.5056,-84.7022,-100.77199999999999,-87.72
lys-abt,CNC(=O)[C@H](CCCC[NH3+])NC(C)O,-65.99,-65.6479,-71.524,-67.0582,-72.536,-68.165
met2-abt,CNC(=O)[C@H](CCSC)NC(C)O,-19.53,-19.4132,-14.5308,-17.7521,-17.795,-20.032000000000004
met-abt,CNC(=O)[C@H](CCSC)NC(C)O,-12.98,-12.7432,-8.57175,-11.2424,-11.628,-12.32
phe2-abt,CNC(=O)[C@H](Cc1ccccc1)NC(C)O,-21.95,-20.5058,-16.2626,-18.7776,-18.238,-21.939
phe-abt,CNC(=O)[C@H](Cc1ccccc1)NC(C)O,-16.42,-14.2297,-10.7632,-12.5065,-12.557,-14.888
pro2-abt,CNC(=O)[C@@H]1CCCN1C(C)O,-16.84,-16.7667,-12.7798,-15.3408,-15.983,-17.677
pro-abt,CNC(=O)[C@@H]1CCC2N1C2(C)O,-14.75,-12.5753,-10.153,-12.1608,-13.379,-13.365
ser2-abt,CNC(=O)[C@H](CO)NC(C)O,-19.6,-19.4292,-16.3009,-17.4073,-20.224999999999998,-21.168
ser-abt,CNC(=O)[C@H](CO)NC(C)O,-17.34,-16.4824,-13.2514,-13.9993,-16.892,-17.526
thr2-abt,CNC(=O)[C@@H](NC(C)O)[C@@H](C)O,-19.58,-18.9757,-15.2788,-16.3708,-18.155,-19.755000000000003
thr-abt,CNC(=O)[C@@H](NC(C)O)[C@@H](C)O,-16.25,-15.6048,-12.3249,-12.9434,-15.207999999999998,-15.613000000000001
trp2-abt,CNC(=O)[C@H](Cc1c[nH]c2ccccc12)NC(C)O,-22.23,-22.4465,-18.096,-20.1379,-20.282,-23.863
trp-abt,CNC(=O)[C@H](Cc1c[nH]c2ccccc12)NC(C)O,-19.76,-18.2618,-14.974,-16.6868,-16.571,-19.215
tyr2-abt,CNC(=O)[C@H](Cc1ccc(O)cc1)NC(C)O,-25.3,-22.8112,-20.2957,-21.5759,-22.394,-25.936
tyr-abt,CNC(=O)[C@H](Cc1ccc(O)cc1)NC(C)O,-19.78,-17.7245,-15.2332,-15.9114,-17.124000000000002,-18.8
val2-abt,CNC(=O)[C@@H](NC(C)O)C(C)C,-18.79,-17.4468,-13.5247,-15.8211,-15.990000000000002,-18.53
val-abt,CNC(=O)[C@@H](NC(C)O)C(C)C,-12.48,-12.1195,-8.45166,-10.1669,-10.764,-11.363999999999999
