id,smiles,iupac name,expt,tip3p,cha,gbnsr6,asc,igb5,null
mobley_5708811,COc1c(ccc(c1C(=O)O)Cl)Cl,dicamba,-9.86,-8.658,-7.32265,-9.63719,-10.151,-11.039,0
mobley_9460824,CCOP(=S)(OCC)SCSCC,diethoxy-(ethylsulfanylmethylsulfanyl)-thioxo-$l^{5}-phosphane,-4.37,-6.427,-9.14217,-6.61081,-9.874,-9.447000000000001,0
mobley_7200804,c1ccc(c(c1)O)F,2-fluorophenol,-5.29,-3.346,-2.76435,-3.36818,-4.508,-5.795999999999999,0
mobley_8208692,c1c(c(c(c(c1Cl)Cl)Cl)Cl)c2c(cc(c(c2Cl)Cl)Cl)Cl,"1,2,3,4-tetrachloro-5-(2,3,4,6-tetrachlorophenyl)benzene",-4.61,-0.039,-2.46709,-1.18551,2.646,0.05999999999999961,0
mobley_5157661,CC(C)C,isobutane,2.3,2.535,1.84093,1.75318,2.301,1.061,0
mobley_1893937,CCCCCCCl,1-chlorohexane,0.0,1.261,0.166193,0.494274,1.064,-0.238,0
mobley_2693089,CC(C)Cc1cnccn1,2-isobutylpyrazine,-5.04,-5.495,-6.65232,-6.36168,-6.2780000000000005,-8.035,0
mobley_9055303,C,methane,2.0,2.446,1.47257,1.24229,1.411,0.6759999999999999,0
mobley_1893815,C(C(Cl)(Cl)Cl)Cl,"1,1,1,2-tetrachloroethane",-1.43,-0.091,-1.41537,-1.25393,-0.06899999999999995,-1.9140000000000001,0
mobley_5445548,CC(C)c1ccccc1,cumene,-0.3,-0.674,-1.35867,-0.523025,-0.11100000000000021,-1.8559999999999999,0
mobley_5003962,c1ccc2c(c1)C(=O)c3ccc(cc3C2=O)N,"2-amino-9,10-anthraquinone",-11.53,-13.895,-15.9538,-12.2513,-14.322000000000003,-16.368000000000002,0
mobley_7176248,CCCN(CCC)c1c(cc(cc1[N+](=O)[O-])C(F)(F)F)[N+](=O)[O-],trifluralin,-3.25,-2.023,-2.21483,-2.57626,-2.0380000000000003,-4.042,0
mobley_5346580,CC(=O)C(C)(C)C,"3,3-dimethylbutan-2-one",-3.11,-3.234,-4.00999,-2.79663,-4.029999999999999,-5.052,0
mobley_6091882,C=C,ethylene,1.28,2.328,0.560075,0.821829,0.8170000000000001,-0.247,0
mobley_4630641,COCCOC,"1,2-dimethoxyethane",-4.84,-3.103,-4.03237,-4.38188,-4.284000000000001,-4.612,0
mobley_3318135,CCCCC(=O)CCCC,nonan-5-one,-2.64,-2.364,-2.97567,-1.58225,-2.159,-3.9659999999999997,0
mobley_5952846,C(=C(Cl)Cl)(Cl)Cl,"1,1,2,2-tetrachloroethylene",0.1,1.328,-0.0258683,1.03342,2.512,1.1039999999999999,0
mobley_8713762,CCCN(CCC)C(=O)SCCC,"N,N-dipropyl(propylsulfanyl)formamide",-4.13,-4.569,-4.97873,-2.01905,-3.1640000000000006,-4.18,0
mobley_3040612,CCc1ccccc1C,1-ethyl-2-methylbenzene,-0.85,-0.761,-1.34506,-0.611056,-0.0820000000000003,-1.745,0
mobley_8127829,CCc1ccccc1,ethylbenzene,-0.79,-0.606,-1.68927,-0.748282,-0.3700000000000001,-2.126,0
mobley_5510474,c1ccc2c(c1)Oc3c(c(c(c(c3Cl)Cl)Cl)Cl)O2,"1,2,3,4-tetrachlorodibenzo-p-dioxin",-3.81,-2.775,-2.61967,-3.16477,-0.14399999999999924,-2.192,0
mobley_6235784,CC[C@H](C)Cl,2-chlorobutane,0.0,0.927,-0.309177,-0.0453705,0.31700000000000017,-0.683,0
mobley_3370989,CC(F)F,"1,1-difluoroethane",-0.11,0.226,-1.13449,0.315228,-2.542,-3.156,0
mobley_2294995,CCOC=O,ethyl formate,-2.56,-3.867,-4.44589,-4.23319,-6.337,-7.2090000000000005,0
mobley_3169935,c1ccc(c(c1)N)Cl,2-chloroaniline,-4.91,-4.847,-7.0248,-5.41284,-4.861,-7.1930000000000005,0
mobley_6081058,CCCCC/C=C/C=O,oct-2-enal,-3.43,-2.706,-4.08178,-2.97766,-4.801,-6.203999999999999,0
mobley_7769613,CC(C)(C)Br,2-bromo-2-methyl-propane,0.84,0.438,-0.68042,0.0241654,0.21399999999999997,-0.7780000000000002,0
mobley_9974966,CC(C)SC(C)C,2-isopropylsulfanylpropane,-1.21,0.14,-1.11181,0.499588,0.03200000000000003,-1.358,0
mobley_1855337,c1c(cc(c(c1Cl)Cl)Cl)Cl,"1,2,3,5-tetrachlorobenzene",-1.62,0.136,-0.783938,-0.702526,1.2070000000000003,-0.4169999999999998,0
mobley_6309289,C1CCNCC1,piperidine,-5.11,-3.873,-3.51283,-2.89253,-1.7490000000000006,-2.382,0
mobley_2451097,c1ccc(cc1)C#N,benzonitrile,-4.1,-3.238,-4.35713,-5.42207,-5.445,-6.191000000000001,0
mobley_9407874,CCCCCCC(=O)C,octan-2-one,-2.88,-2.758,-3.90754,-2.32862,-3.438,-4.819,0
mobley_778352,CC=C(C)C,2-methylbut-2-ene,1.31,2.272,1.14842,1.24462,1.7520000000000002,0.3619999999999999,0
mobley_5371840,c1ccc2c(c1)Oc3ccc(cc3O2)Cl,2-chlorodibenzo-p-dioxin,-3.1,-4.054,-3.24536,-5.5931,-3.553,-5.35,0
mobley_4792268,CCCCC(=O)O,pentanoic acid,-6.16,-9.053,-8.06405,-8.96362,-10.263,-11.085,0
mobley_7227357,CCC(CC)O,pentan-3-ol,-4.35,-2.786,-2.15847,-1.80257,-1.8539999999999996,-2.894,0
mobley_7774695,CNc1ccccc1,N-methylaniline,-4.69,-5.719,-7.20158,-4.97269,-5.1339999999999995,-7.208,0
mobley_349850,Cc1ccc(cc1)C(=O)C,1-(p-tolyl)ethanone,-4.7,-4.91,-6.00335,-5.08732,-6.505000000000001,-7.742999999999999,0
mobley_2960202,c1c2c(cc(c1Cl)Cl)Oc3c(c(c(c(c3Cl)Cl)Cl)Cl)O2,"1,2,3,4,7,8-hexachlorodibenzo-p-dioxin",-3.71,-1.878,-2.06332,-1.88443,2.0989999999999998,-0.3420000000000001,0
mobley_2279874,COC(OC)OC,trimethoxymethane,-4.42,-4.625,-4.54452,-5.63668,-5.502,-5.131,0
mobley_1449384,Cc1ccc(cc1)C(C)C,1-isopropyl-4-methyl-benzene,-0.68,-0.456,-0.835526,-0.174978,0.33499999999999996,-1.373,0
mobley_1875719,CCC(=O)CC,pentan-3-one,-3.41,-3.05,-3.92455,-2.60413,-3.6890000000000005,-4.95,0
mobley_3006808,C(C(F)(F)F)O,"2,2,2-trifluoroethanol",-4.31,-3.809,-3.20438,-4.62461,-7.677999999999999,-8.711,0
mobley_1728386,c1ccc(cc1)C(=O)N,benzamide,-11.0,-10.412,-11.027,-10.5443,-13.088999999999999,-13.534,0
mobley_4687447,CCCOCCO,2-propoxyethanol,-6.4,-3.94,-6.63104,-7.24782,-7.105999999999999,-7.712999999999999,0
mobley_6981465,CC(C)OC(=O)C,isopropyl acetate,-2.64,-3.371,-4.27277,-3.45626,-4.71,-5.2170000000000005,0
mobley_8765203,CC(=C)C=C,isoprene,0.68,1.824,0.170611,0.566375,0.687,-0.746,0
mobley_2213823,CCC(C)CC,3-methylpentane,2.51,2.613,2.14692,2.09389,2.7969999999999997,1.349,0
mobley_4465023,C(=C\Cl)\Cl,"(Z)-1,2-dichloroethylene",-1.17,1.156,-1.10162,-1.58374,-1.23,-2.137,0
mobley_6497672,C/C=C/C=O,but-2-enal,-4.22,-3.341,-4.8462,-3.93168,-6.26,-7.039,0
mobley_8861672,Cc1ccnc(c1)C,"2,4-dimethylpyridine",-4.86,-3.282,-4.14561,-4.60603,-3.8840000000000003,-5.309,0
mobley_8983100,CBr,bromomethane,-0.82,0.46,-0.815123,-0.134953,-0.32099999999999995,-0.924,0
mobley_4936555,Cc1cccc(c1C)Nc2ccccc2C(=O)O,"2-(2,3-dimethylphenyl)aminobenzoic acid",-6.78,-7.665,-9.44856,-9.0256,-10.766,-12.175,0
mobley_6195751,COc1c(c(c(c(c1Cl)C=O)Cl)OC)O,"2,6-dichlorosyringaldehyde",-8.68,-9.846,-7.94373,-9.88973,-10.445,-12.3,0
mobley_7142697,CCCCCN,pentan-1-amine,-4.09,-2.835,-2.17623,-0.561779,-0.01399999999999979,-2.675,0
mobley_5123639,C[C@H](CC(C)C)O,4-methylpentan-2-ol,-3.73,-2.907,-2.67156,-2.61162,-2.3150000000000004,-3.48,0
mobley_4584540,Cc1cccc(n1)C,"2,6-dimethylpyridine",-4.59,-3.443,-3.76755,-4.7434,-3.5749999999999997,-5.167,0
mobley_2864987,CCC[C@@H](C)O,pentan-2-ol,-4.39,-2.945,-2.5708,-2.54335,-2.105,-3.5140000000000002,0
mobley_3359593,CCCc1ccc(c(c1)OC)O,4-propylguaiacol,-5.26,-4.127,-3.98932,-5.20993,-4.454000000000001,-5.8709999999999996,0
mobley_8809274,c1ccc(cc1)C(F)(F)F,trifluoromethylbenzene,-0.25,-0.57,-0.572365,-1.08327,-2.854,-4.550000000000001,0
mobley_4780078,Cc1ccc(c(c1)C)O,"2,4-dimethylphenol",-6.01,-4.98,-4.22686,-5.07957,-4.54,-6.242000000000001,0
mobley_7415647,CN(C)C(=O)c1ccc(cc1)[N+](=O)[O-],"N,N-dimethyl-4-nitro-benzamide",-11.95,-10.036,-9.75378,-9.88401,-10.673,-11.475999999999999,0
mobley_667278,c1cc(c(c(c1c2cc(c(c(c2Cl)Cl)Cl)Cl)Cl)Cl)Cl,"1,2,3,4-tetrachloro-5-(2,3,4-trichlorophenyl)benzene",-4.4,-0.805,-2.67083,-2.03529,1.4,-0.923,0
mobley_1235151,CCCCC[N+](=O)[O-],1-nitropentane,-2.82,-1.325,-1.84855,-2.20814,-1.0439999999999996,-1.8390000000000002,0
mobley_7015518,COC,methoxymethane,-1.91,-0.853,-1.59324,-1.73128,-1.775,-2.3310000000000004,0
mobley_5390332,CCCC(=O)OC,methyl butanoate,-2.83,-3.552,-3.96124,-3.39293,-4.479,-5.368,0
mobley_1046331,c1ccc(cc1)OC=O,phenyl formate,-3.82,-5.442,-5.70653,-6.57758,-8.342,-10.084,0
mobley_63712,CN1CCCCC1,1-methylpiperidine,-3.88,-3.467,-2.276,-1.96277,-0.8540000000000001,0.04600000000000004,0
mobley_6843802,c1ccc(cc1)O[C@@H](C(F)F)F,"1,2,2-trifluoroethoxybenzene",-1.29,-3.043,-3.13015,-3.30647,-6.5280000000000005,-8.149000000000001,0
mobley_9979854,C[C@H](C(F)(F)F)O,111-trifluoropropan-2-ol,-4.2,-3.486,-3.34553,-4.16738,-6.662000000000001,-7.446999999999999,0
mobley_313406,CCCO,propan-1-ol,-4.85,-3.33,-3.33427,-3.44245,-3.394,-4.409000000000001,0
mobley_550662,CC(OC)(OC)OC,"1,1,1-trimethoxyethane",-4.42,-3.7,-4.41983,-5.45924,-4.341,-4.417,0
mobley_1261349,CC(C)(C)C,neopentane,2.51,2.506,1.94086,1.90732,2.5140000000000002,1.177,0
mobley_5732611,Cc1c[nH]cn1,4-methyl-1H-imidazole,-10.27,-8.205,-8.31906,-9.3376,-9.658,-10.257000000000001,0
mobley_5948990,c1ccc(c(c1)N)[N+](=O)[O-],2-nitroaniline,-7.37,-7.66,-9.31744,-8.65508,-7.679,-9.009,0
mobley_7688753,c1cc(cc(c1)O)C=O,3-hydroxybenzaldehyde,-9.52,-9.369,-8.10161,-9.1346,-11.125,-12.579,0
mobley_3968739,COC(=O)c1ccccc1,methyl benzoate,-3.92,-4.921,-5.28305,-5.5199,-6.568999999999999,-7.6450000000000005,0
mobley_8754702,CCCOC=O,propyl formate,-2.48,-3.699,-4.34055,-3.96949,-5.893000000000001,-6.886000000000001,0
mobley_7455579,CC(C)COC=O,isobutyl formate,-2.22,-3.458,-4.07404,-3.63069,-5.459000000000001,-6.554,0
mobley_299266,CC(=C)C,2-methylprop-1-ene,1.16,2.327,0.988937,1.11506,1.455,0.1459999999999999,0
mobley_6055410,c1cc(c(cc1c2ccc(cc2F)F)C(=O)O)O,diflunisal,-9.4,-6.613,-10.4331,-13.4876,-16.104,-17.086000000000002,0
mobley_900088,CC(=C)C(=C)C,"2,3-dimethylbuta-1,3-diene",0.4,1.862,0.460063,0.761466,1.083,-0.5169999999999999,0
mobley_3274817,CC[C@@H](C)c1cc(cc(c1O)[N+](=O)[O-])[N+](=O)[O-],"2-[(1R)-1-methylpropyl]-4,6-dinitro-phenolate",-6.23,-5.378,-3.60869,-6.69444,-3.46,-5.391,0
mobley_7176290,c1cc(cc(c1)O)[N+](=O)[O-],3-nitrophenol,-9.62,-7.889,-5.79739,-8.49376,-7.481999999999999,-8.347999999999999,0
mobley_3589456,COC(CCl)(OC)OC,"2-chloro-1,1,1-trimethoxy-ethane",-4.59,-3.638,-4.9314,-6.06873,-5.035,-5.5,0
mobley_7913234,CCCCOC[C@H](C)O,1-butoxy-2-propanol,-5.73,-3.891,-3.76571,-3.61077,-3.075,-3.965,0
mobley_8427539,CCC(=O)N,propionamide,-9.4,-8.31,-8.8135,-7.67168,-10.116,-10.547,0
mobley_766666,C(=C(Cl)Cl)Cl,"1,1,2-trichloroethylene",-0.44,0.818,-0.551439,-0.354441,0.6719999999999997,-0.5189999999999999,0
mobley_3761215,CC(Cl)(Cl)Cl,"1,1,1-trichloroethane",-0.19,0.505,-1.01339,-0.574444,0.2559999999999998,-0.9960000000000002,0
mobley_1922649,COP(=S)(OC)Oc1ccc(cc1)[N+](=O)[O-],methylparathion,-7.19,-10.466,-7.9709,-11.0791,-13.05,-13.637,0
mobley_4149784,c1cc2c(cc1Cl)Oc3ccc(cc3O2)Cl,"2,7-dichlorodibenzo-p-dioxin",-3.67,-3.321,-2.61002,-5.00793,-2.5,-4.4110000000000005,0
mobley_8899867,C1CCC(C1)O,cyclopentanol,-5.49,-4.29,-3.4698,-3.32766,-2.9010000000000002,-4.1259999999999994,0
mobley_2493732,C=C(Cl)Cl,"1,1-dichloroethylene",0.25,1.108,-0.15377,-0.30804,0.29800000000000004,-0.6140000000000001,0
mobley_9139060,CC1CCC(CC1)C,"1,4-dimethylcyclohexane",2.11,1.918,2.03695,2.18554,3.051,1.586,0
mobley_6239320,c1(=O)[nH]c(=O)[nH]c(=O)[nH]1,cyanuric acid,-18.06,-21.762,-20.3393,-17.6828,-25.772000000000002,-25.221999999999998,0
mobley_7017274,c1ccc2c(c1)ccc3c2cccc3,phenanthrene,-3.88,-5.264,-4.09531,-4.69257,-3.955,-5.975,0
mobley_9626434,CCOCCO,2-ethoxyethanol,-6.69,-4.407,-6.41819,-7.06972,-6.9719999999999995,-7.575,0
mobley_6854178,CC(C)OC=O,isopropyl formate,-2.02,-3.591,-4.02851,-3.71982,-5.5889999999999995,-6.4719999999999995,0
mobley_2501588,CCC[N@@](CC1CC1)c2c(cc(cc2[N+](=O)[O-])C(F)(F)F)[N+](=O)[O-],profluralin,-2.45,-1.956,-2.05691,-2.42453,-2.077,-3.7630000000000003,0
mobley_4013838,CC(C)C(=O)C(C)C,"2,4-dimethylpentan-3-one",-2.74,-2.629,-3.10058,-2.11109,-2.677,-4.404,0
mobley_337666,c1c(c(=O)[nH]c(=O)[nH]1)F,5-fluorouracil,-16.92,-16.371,-17.5375,-14.2034,-21.404,-20.52,0
mobley_5631798,N,ammonia,-4.29,-4.018,-2.26822,-5.34968,-6.102,-8.401,0
mobley_7869158,CC[C@H](C)O[N+](=O)[O-],[(2S)-butan-2-yl] nitrate,-1.82,-1.864,-1.84771,-2.36385,-0.8720000000000003,-1.4869999999999999,0
mobley_3546460,CCCCCCO,hexan-1-ol,-4.4,-3.0,-2.75108,-2.81291,-2.457,-3.8289999999999997,0
mobley_9671033,CCC[N+](=O)[O-],1-nitropropane,-3.34,-1.632,-2.25454,-2.72329,-1.8090000000000006,-2.29,0
mobley_3325209,COC(c1ccccc1)(OC)OC,trimethoxymethylbenzene,-4.04,-5.559,-5.70588,-6.64135,-5.059,-5.906000000000001,0
mobley_4678740,c1cc(cc(c1)C(F)(F)F)C(F)(F)F,m-bis(trifluoromethyl)benzene,1.07,-0.34,0.553735,-0.157097,-3.9639999999999995,-6.793000000000001,0
mobley_468867,C1=C[C@@H]([C@@H]2[C@H]1[C@@]3(C(=C([C@]2(C3(Cl)Cl)Cl)Cl)Cl)Cl)Cl,heptachlor,-2.55,-0.974,-2.89953,-1.93859,0.6020000000000003,-1.496,0
mobley_3083321,COCOC,dimethoxymethane,-2.93,-3.221,-2.99426,-3.25283,-3.357,-3.5549999999999997,0
mobley_4694328,CCCCCCCC=O,octanal,-2.29,-2.57,-3.08679,-2.16333,-3.6189999999999998,-5.239,0
mobley_2487143,CCCCC(=O)C,hexan-2-one,-3.28,-3.006,-4.24967,-2.72758,-4.063000000000001,-5.23,0
mobley_755351,COc1cccc(c1)N,3-methoxyaniline,-7.29,-7.201,-8.99576,-7.43895,-7.225,-9.225,0
mobley_7829570,CCCC[N@](CC)c1c(cc(cc1[N+](=O)[O-])C(F)(F)F)[N+](=O)[O-],"N-butyl-N-ethyl-2,6-dinitro-4-(trifluoromethyl)aniline",-3.51,-2.303,-2.34296,-2.69936,-2.1819999999999995,-4.127000000000001,0
mobley_5520946,c1ccc(cc1)S,benzenethiol,-2.55,-1.501,-2.84112,-1.75492,-2.4730000000000003,-3.7270000000000003,0
mobley_1662128,CCC=C,but-1-ene,1.38,2.367,0.995003,1.24102,1.5390000000000001,0.17600000000000005,0
mobley_4964807,CC(=O)CO[N+](=O)[O-],nitroxyacetone,-5.99,-5.362,-7.2725,-8.47186,-8.979,-9.501999999999999,0
mobley_4934872,CCOC(OCC)Oc1ccccc1,diethoxymethoxybenzene,-5.23,-5.203,-4.96861,-6.01361,-4.897000000000001,-5.564,0
mobley_3144334,Cc1ccc(c(c1)O)C,"2,5-dimethylphenol",-5.91,-5.014,-4.30714,-5.0985,-4.541,-6.26,0
mobley_2609604,CCC(C)(C)CC,"3,3-dimethylpentane",2.56,2.593,2.26505,2.20842,2.939,1.451,0
mobley_1659169,C1COCCN1,morpholine,-7.17,-6.116,-6.12954,-5.51506,-4.813000000000001,-4.476,0
mobley_3682850,C1CCC(=O)CC1,cyclohexanone,-4.91,-4.18,-4.80414,-3.19085,-4.606,-5.242999999999999,0
mobley_5006685,CC(=C)[C@H]1CCC(=CC1)C=O,4-(1-Methylethenyl)-1-cyclohexene-1-carboxaldehyde,-4.09,-3.591,-4.8502,-3.14276,-4.811999999999999,-6.16,0
mobley_9740891,c1cc(c(c(c1)Cl)C#N)Cl,dichlobenil,-4.71,-3.32,-4.37067,-5.0522,-4.04,-5.019,0
mobley_3715043,Cc1ccc(c2c1cccc2)C,"1,4-dimethylnaphthalene",-2.82,-3.081,-2.41459,-2.56703,-1.8409999999999997,-3.5409999999999995,0
mobley_1987439,Cc1cc(cc(c1)C)C,mesitylene,-0.9,-0.553,-1.05546,-0.454687,0.040999999999999925,-1.4909999999999999,0
mobley_9571888,C1[C@@H]2[C@H](COS(=O)O1)[C@@]3(C(=C([C@]2(C3(Cl)Cl)Cl)Cl)Cl)Cl,endosulfan alpha,-4.23,-9.785,-8.42358,-8.61806,-7.983,-9.331999999999999,0
mobley_8492526,CCCCC=O,pentanal,-3.03,-2.927,-3.60936,-2.77449,-4.5,-5.742,0
mobley_2390199,CCCC(=O)CCC,heptan-4-one,-2.92,-2.704,-3.39716,-2.03486,-2.835,-4.378,0
mobley_8048190,CC(=O)N,acetamide,-9.71,-8.82,-9.87065,-8.65282,-11.874,-11.643,0
mobley_1838110,C(C(F)(Cl)Cl)(F)(F)Cl,"1,1,2-trichloro-1,2,2-trifluoro-ethane",1.77,1.691,1.49411,2.14558,1.8900000000000001,-1.9709999999999999,0
mobley_6303022,CCc1ccncc1,4-ethylpyridine,-4.73,-3.19,-4.39326,-4.54803,-4.171,-5.551,0
mobley_1881249,CCCC(=O)C,pentan-2-one,-3.52,-3.166,-4.42939,-2.92428,-4.359,-5.341,0
mobley_5747188,Cc1ccccc1[N+](=O)[O-],1-methyl-2-nitro-benzene,-3.58,-3.133,-3.14437,-4.33727,-3.339,-4.087,0
mobley_2354112,CCc1cccc(c1)O,3-ethylphenol,-6.25,-5.272,-4.41767,-5.03392,-4.834,-6.356,0
mobley_1952272,C[N+](=O)[O-],nitromethane,-4.02,-2.075,-2.83267,-3.53689,-2.998,-3.149,0
mobley_1967551,CC=O,acetaldehyde,-3.5,-3.372,-4.48506,-3.82261,-6.277000000000001,-6.937,0
mobley_2913224,CC(=O)Oc1ccccc1C(=O)O,acetylsalicylic acid,-9.94,-9.399,-9.41755,-11.0994,-12.553,-13.765,0
mobley_7608435,CCCCCCCC(=O)OC,methyl octanoate,-2.04,-3.035,-3.47906,-2.68716,-3.4239999999999995,-4.849,0
mobley_4043987,CCCCC(C)C,2-methylhexane,2.93,2.894,2.35508,2.34462,3.133,1.539,0
mobley_1469079,c1ccc2c(c1)Oc3cc(c(cc3O2)Cl)Cl,"2,3-dichlorodibenzo-p-dioxin",-3.56,-3.59,-2.86147,-4.87666,-2.3600000000000003,-4.3100000000000005,0
mobley_7010316,C1CCC(CC1)O,cyclohexanol,-5.46,-4.178,-3.29876,-3.13974,-2.775,-3.8289999999999997,0
mobley_2078467,C[C@@H](c1ccc(cc1)CC(C)C)C(=O)O,ibuprofen,-7.0,-10.857,-10.2434,-10.9895,-12.177999999999999,-13.862,0
mobley_252413,CCCC(C)(C)C,"2,2-dimethylpentane",2.88,2.686,2.28365,2.27878,3.012,1.494,0
mobley_2802855,CCCCBr,1-bromobutane,-0.4,0.705,-0.412074,0.501321,0.7509999999999999,-0.29899999999999993,0
mobley_8426916,CCNCC,N-ethylethanamine,-4.07,-2.986,-2.39365,-1.86755,-1.463,-1.7979999999999998,0
mobley_5692472,CNC,N-methylmethanamine,-4.29,-2.991,-4.21546,-3.15466,-2.982,-3.884,0
mobley_1079207,c1cc(cc(c1)Cl)Cl,"1,3-dichlorobenzene",-0.98,-0.11,-0.999704,-1.45543,-0.5100000000000002,-1.884,0
mobley_1903702,CC[C@H](C)O,butan-2-ol,-4.62,-3.145,-2.75965,-2.76292,-2.4050000000000002,-3.734,0
mobley_1328465,C(C(Cl)Cl)Cl,"1,1,2-trichloroethane",-1.99,-0.384,-2.3491,-2.59119,-2.0219999999999994,-3.258,0
mobley_9729792,C1C=CC=CC=C1,"cyclohepta-1,3,5-triene",-0.99,-0.098,-1.91618,-0.991159,-0.5859999999999999,-2.3659999999999997,0
mobley_4690963,CCOCCOCC,"1,2-diethoxyethane",-3.54,-3.42,-3.63535,-4.08958,-3.424,-3.8219999999999996,0
mobley_5977084,Cc1cccnc1,3-methylpyridine,-4.77,-3.221,-4.75852,-4.72064,-4.4239999999999995,-5.621,0
mobley_4845722,c1(c(c(c(c(c1Cl)Cl)Cl)Cl)Cl)Cl,hexachlorobenzene,-2.33,0.379,-0.775936,0.740188,3.367,1.5130000000000001,0
mobley_8260524,CC#C,prop-1-yne,-0.48,0.065,0.311569,-0.169451,-0.11299999999999999,-1.2429999999999999,0
mobley_6522117,CCOP(=O)(OCC)O/C(=C/Cl)/c1ccc(cc1Cl)Cl,"2-chloro-1-(2,4-dichlorophenyl)ethenyl diethyl phosphate",-7.07,-9.029,-8.34572,-10.6511,-9.804,-12.452,0
mobley_820789,CCCC(=O)O,butyric acid,-6.35,-9.434,-8.61201,-9.60377,-11.171000000000001,-11.767,0
mobley_1896013,C1[C@H]([C@@H]([C@H]([C@H](O1)O)O)O)O,"(2S,3R,4S,5R)-oxane-2,3,4,5-tetrol",-20.52,-14.148,-13.1838,-15.0244,-15.182,-14.703,0
mobley_7860938,CCCCNCCCC,N-butylbutan-1-amine,-3.24,-2.076,-1.44497,-0.977508,-0.14900000000000002,-0.8559999999999999,0
mobley_8798016,c1cnccc1C=O,pyridine-4-carbaldehyde,-7.0,-7.338,-8.95383,-8.54641,-10.452,-11.931,0
mobley_9246351,C(Br)Br,dibromomethane,-1.96,-0.405,-1.67275,-0.126857,-0.13900000000000023,-1.104,0
mobley_1323538,CCOP(=O)(OCC)OCC,triethylphosphate,-7.5,-10.251,-8.80233,-11.5907,-12.912,-13.788,0
mobley_5094777,c1ccc2c(c1)CCC2,indane,-1.46,-1.752,-1.8133,-1.12808,-0.5060000000000002,-2.074,0
mobley_8916409,CCOC(=O)C[C@H](C(=O)OCC)SP(=S)(OC)OC,diethyl (2R)-2-dimethoxyphosphinothioylsulfanylbutanedioate,-8.15,-11.194,-14.903,-13.9611,-18.219,-18.357,0
mobley_8966374,Cc1cnccn1,2-methylpyrazine,-5.51,-6.161,-7.74725,-7.57313,-8.086,-9.205,0
mobley_3269819,c1c(cc(c(c1Cl)Cl)Cl)c2cc(c(c(c2Cl)Cl)Cl)Cl,"1,2,3,4-tetrachloro-5-(3,4,5-trichlorophenyl)benzene",-3.17,-0.822,-2.31716,-1.68438,1.8599999999999999,-0.593,0
mobley_1036761,C1CCC(CC1)N,cyclohexanamine,-4.59,-3.953,-1.75525,-0.447715,0.2400000000000002,-2.215,0
mobley_7754849,CCOP(=S)(OCC)SCSP(=S)(OCC)OCC,ethion,-6.1,-10.644,-15.192,-13.8448,-20.064999999999998,-17.683,0
mobley_6201330,CCCOC(=O)c1ccc(cc1)O,propyl paraben,-9.37,-8.945,-7.27326,-8.57705,-9.172999999999998,-10.51,0
mobley_3105103,Cc1c(c(=O)n(c(=O)[nH]1)C(C)(C)C)Cl,terbacil,-11.14,-13.769,-13.9969,-9.59913,-12.390999999999998,-12.292,0
mobley_3053621,c1ccccc1,benzene,-0.9,-0.806,-1.75629,-1.42557,-1.2439999999999998,-2.9399999999999995,0
mobley_2099370,C[C@@H](c1cccc(c1)C(=O)c2ccccc2)C(=O)O,ketoprofen,-10.78,-17.242,-16.3334,-17.7065,-20.947,-22.31,0
mobley_5917842,Cc1ccc(c(c1)OC)O,4-methyl-2-methoxyphenol,-5.8,-4.547,-4.52901,-5.89725,-5.224,-6.52,0
mobley_6353617,CC(=O)c1cccnc1,1-(3-pyridyl)ethanone,-8.26,-7.844,-9.67242,-8.45328,-10.06,-11.283000000000001,0
mobley_2636578,C(CO[N+](=O)[O-])CO[N+](=O)[O-],3-nitrooxypropyl nitrate,-4.8,-5.322,-4.92789,-6.7953,-4.031,-4.9,0
mobley_7599023,c1ccc(cc1)Br,bromobenzene,-1.46,-0.947,-1.91223,-1.44299,-1.1789999999999998,-2.614,0
mobley_1178614,c1ccc(c(c1)O)Cl,2-chlorophenol,-4.55,-3.317,-3.02802,-4.56098,-3.886,-5.567,0
mobley_4983965,CCSCC,ethylsulfanylethane,-1.46,0.299,-1.17051,0.39826,-0.19700000000000006,-1.3460000000000003,0
mobley_7735340,c1cnc[nH]1,imidazole,-9.63,-7.972,-8.36006,-9.06722,-9.864,-10.343,0
mobley_3968043,C1CCC(=O)C1,cyclopentanone,-4.7,-3.889,-4.89176,-3.22784,-4.7620000000000005,-5.313,0
mobley_1770205,COP(=S)(OC)SCn1c(=O)c2ccccc2nn1,"3-(dimethoxyphosphinothioylsulfanylmethyl)-1,2,3-benzotriazin-4-one",-10.03,-14.106,-14.7366,-13.9935,-17.736,-17.249000000000002,0
mobley_7912193,CCCCOC(=O)c1ccc(cc1)O,butyl paraben,-8.72,-8.771,-7.10308,-8.37475,-8.825,-10.304,0
mobley_7943327,CCC(=O)OCC,ethyl propanoate,-2.68,-3.221,-3.89899,-3.10745,-4.029999999999999,-4.872,0
mobley_646007,C1CCNC1,pyrrolidine,-5.48,-4.278,-4.06498,-3.4979,-2.715,-2.976,0
mobley_1615431,CC(C)OC(C)C,2-isopropoxypropane,-0.53,-0.178,-0.0964986,-0.328502,0.5789999999999997,-0.47,0
mobley_2784376,C1CC1,cyclopropane,0.75,2.485,1.18976,1.24953,1.6320000000000001,0.487,0
mobley_8207196,CCNc1nc(nc(n1)Cl)NCC,simazine,-10.22,-10.914,-13.9368,-11.1577,-9.867,-11.280000000000001,0
mobley_6619554,CCCCC(=O)OCC,ethyl pentanoate,-2.49,-3.11,-3.59584,-2.75453,-3.4330000000000003,-4.543,0
mobley_3323117,C1CC[S+2](C1)([O-])[O-],sulfolane,-8.61,-9.624,-11.0391,-10.5289,-11.536000000000001,-11.634,0
mobley_5076071,CCN(CC)c1c(cc(c(c1[N+](=O)[O-])N)C(F)(F)F)[N+](=O)[O-],"1-N,1-N-diethyl-2,6-dinitro-4-(trifluoromethyl)benzene-1,3-diamine",-5.66,-7.503,-5.56159,-6.99077,-6.7010000000000005,-7.481,0
mobley_4305650,CCC#N,propanenitrile,-3.84,-2.491,-3.98283,-4.40698,-4.84,-5.085,0
mobley_4884177,CCc1cccnc1,3-ethylpyridine,-4.59,-2.965,-4.44187,-4.41861,-3.9630000000000005,-5.25,0
mobley_8558116,CN1CCOCC1,4-methylmorpholine,-6.32,-5.774,-4.91272,-4.56993,-3.9160000000000004,-2.104,0
mobley_1396156,c1(c(c(c(c(c1Cl)Cl)Cl)Cl)Cl)N(=O)=O,pentachloronitrobenzene,-5.22,-1.284,-2.18137,-0.845567,2.4539999999999997,0.565,0
mobley_2197088,CCCCCCCCCC,decane,3.16,3.335,2.91848,3.02248,4.122,2.0629999999999997,0
mobley_1723043,C1(C(C(C1(F)F)(F)F)(F)F)(F)F,octafluorocyclobutane,3.43,3.077,4.87378,3.87818,0.9199999999999999,-1.05,0
mobley_7578802,C(Br)(Br)Br,bromoform,-2.13,-0.531,-1.87975,0.858485,1.132,-0.21700000000000008,0
mobley_547634,Cc1cc2ccccc2cc1C,"2,3-dimethylnaphthalene",-2.78,-2.953,-2.45314,-2.53649,-1.9109999999999996,-3.603,0
mobley_9705941,Cc1cccs1,2-methylthiophene,-1.38,-0.3,-1.86949,-0.584482,-0.6240000000000001,-1.89,0
mobley_9624458,C(CCl)CCl,"1,3-dichloropropane",-1.89,-0.416,-2.02439,-1.89843,-1.701,-2.566,0
mobley_4338603,c1c(=O)[nH]c(=O)[nH]c1Cl,6-chlorouracil,-15.83,-15.128,-16.0786,-12.7274,-17.948,-17.84,0
mobley_6896128,CCCC[C@@H](C)CC,3-methylheptane,2.97,3.03,2.517,2.51909,3.3760000000000003,1.6900000000000002,0
mobley_8809190,CCCCc1ccccc1,butylbenzene,-0.4,-0.227,-1.25146,-0.260548,0.23999999999999977,-1.6969999999999998,0
mobley_1899443,CCCC(=C)C,2-methylpent-1-ene,1.47,2.486,1.41845,1.58098,2.083,0.562,0
mobley_1650157,CC(C)(C)O,2-methylpropan-2-ol,-4.47,-3.288,-3.08674,-3.01116,-2.9200000000000004,-3.952,0
mobley_49274,CCCCCC#C,hept-1-yne,0.6,0.639,1.02238,0.796587,1.3310000000000002,-0.3599999999999999,0
mobley_7532833,CC#N,acetonitrile,-3.88,-2.789,-4.39567,-4.96907,-5.813000000000001,-5.819,0
mobley_3264884,c1ccc2cc(ccc2c1)N,naphthalen-2-amine,-7.47,-8.003,-8.97363,-7.11554,-6.896,-9.37,0
mobley_9557440,c1c(c(=O)[nH]c(=O)[nH]1)Cl,5-chlorouracil,-17.74,-16.612,-17.9397,-14.8265,-20.389999999999997,-19.852999999999998,0
mobley_5079234,CCCCCCCO,heptan-1-ol,-4.21,-2.917,-2.61289,-2.59802,-2.223,-3.689,0
mobley_9029594,CF,fluoromethane,-0.22,0.881,-0.468095,0.526704,-1.471,-1.9649999999999999,0
mobley_525934,CS,methanethiol,-1.2,-0.273,-2.03832,-0.364978,-1.8030000000000002,-2.368,0
mobley_5026370,c1cnccc1C#N,pyridine-4-carbonitrile,-6.02,-5.765,-8.4018,-8.31284,-8.478,-9.334,0
mobley_8311303,c1cc(c(cc1c2c(c(cc(c2Cl)Cl)Cl)Cl)Cl)Cl,"1,2,4,5-tetrachloro-3-(3,4-dichlorophenyl)benzene",-4.38,-0.705,-2.33273,-2.21355,0.7850000000000001,-1.525,0
mobley_7977115,CCC[C@H](CC)O,hexan-3-ol,-4.06,-2.585,-1.86029,-1.47232,-1.4689999999999994,-2.5359999999999996,0
mobley_8685905,[C@@H](C(F)(F)F)(F)Br,"2-bromo-1,1,1,2-tetrafluoro-ethane",0.5,0.234,0.51701,0.929192,-1.505,-4.351000000000001,0
mobley_3269565,CC(C)OC,2-methoxypropane,-2.01,-0.657,-0.920562,-1.13631,-0.7210000000000001,-1.437,0
mobley_2068538,CCC,propane,2.0,2.495,1.7034,1.58001,2.053,0.939,0
mobley_9209581,CN(C)C,"N,N-dimethylmethanamine",-3.2,-2.636,-3.12992,-2.45749,-2.1390000000000002,-1.6340000000000001,0
mobley_242480,c1ccc2c(c1)C(=O)c3c(ccc(c3C2=O)N)N,"1,4-diamino-9,10-anthracenedione",-11.85,-15.252,-16.8997,-13.2855,-13.96,-16.782,0
mobley_2422586,CCCOC,1-methoxypropane,-1.66,-0.598,-0.987116,-1.05319,-0.6440000000000001,-1.4529999999999998,0
mobley_5449201,CCCCC,n-pentane,2.3,2.673,2.03667,1.98138,2.637,1.249,0
mobley_4188615,CN(C)C(=O)c1ccccc1,"N,N-dimethylbenzamide",-9.29,-8.113,-8.59344,-7.24523,-9.196,-10.216999999999999,0
mobley_5311804,c1ccc(cc1)CO,phenylmethanol,-6.62,-5.133,-5.99835,-6.42277,-6.402999999999999,-7.9959999999999996,0
mobley_2005792,c1ccc(cc1)c2ccccc2,biphenyl,-2.7,-3.143,-3.36853,-3.21382,-3.021,-4.96,0
mobley_7378987,Cn1cnc2c1c(=O)n(c(=O)n2C)C,caffeine,-12.64,-17.621,-18.5631,-13.5082,-17.266,-18.377,0
mobley_4759887,CCCCCCCI,1-iodoheptane,0.27,0.228,-0.363491,1.3506,0.16699999999999982,-1.2449999999999999,0
mobley_2371092,Cc1ccncc1C,"3,4-dimethylpyridine",-5.22,-3.201,-4.45391,-4.53999,-4.1770000000000005,-5.292,0
mobley_588781,CCCCCCc1ccccc1,hexylbenzene,-0.04,-0.1,-0.916423,0.145959,0.81,-1.379,0
mobley_6416775,CCCC1CCCC1,propylcyclopentane,2.13,2.102,2.08376,2.20358,3.112,1.593,0
mobley_2143011,CC(C)C=C,3-methylbut-1-ene,1.83,2.452,1.23501,1.48245,1.8239999999999998,0.388,0
mobley_4715906,C[C@@H]1CCCC[C@@H]1C,"1,2-dimethylcyclohexane",1.58,1.685,1.97013,2.0703,2.9709999999999996,1.521,0
mobley_9121449,CCC#C,but-1-yne,-0.16,0.284,0.45308,0.11171,0.347,-0.9520000000000002,0
mobley_1231151,CC(C)Cl,2-chloropropane,-0.25,0.833,-0.471056,-0.333791,-0.14700000000000024,-0.9410000000000001,0
mobley_8723116,c1cc(ccc1N)Cl,4-chloroaniline,-5.9,-5.281,-7.58345,-5.68179,-5.383000000000001,-7.501,0
mobley_3982371,CC(=O)OC,methyl acetate,-3.13,-3.83,-4.87465,-4.21666,-5.976000000000001,-6.377,0
mobley_4683624,CCCc1ccc(cc1)O,4-propylphenol,-5.21,-5.211,-4.05178,-5.12133,-4.915,-6.461,0
mobley_3738859,CCCCCBr,1-bromo-pentane,-0.1,0.824,-0.204921,0.740226,1.1059999999999999,-0.10599999999999987,0
mobley_7364468,CC1=CC(=O)CC(C1)(C)C,"3,5,5-trimethylcyclohex-2-en-1-one",-5.18,-4.088,-4.69038,-3.41574,-4.994999999999999,-5.66,0
mobley_929676,CCCCCCBr,1-bromohexane,0.18,1.076,-0.0657122,0.910408,1.3630000000000002,0.02300000000000013,0
mobley_3663158,c1ccc2cc(ccc2c1)O,naphthalen-2-ol,-8.11,-7.849,-5.76025,-7.41635,-7.1739999999999995,-8.756,0
mobley_9821936,c12c(c(c(c(c1Cl)Cl)Cl)Cl)Oc3c(c(c(c(c3Cl)Cl)Cl)Cl)O2,"1,2,3,4,6,7,8,9-octachlorodibenzo-p-dioxin",-4.53,-1.147,-1.7173,-0.21089,4.305999999999999,1.635,0
mobley_8739734,CC(C)C(=O)C,3-methylbutan-2-one,-3.24,-3.078,-4.25589,-2.85476,-4.212,-5.217,0
mobley_4603202,C(CCl)OCCCl,1-chloro-2-(2-chloroethoxy)ethane,-4.23,-2.248,-4.72732,-4.98006,-5.005999999999999,-5.769,0
mobley_4463913,CC(OC(=O)C)OC(=O)C,1-acetoxyethyl acetate,-4.97,-8.006,-9.64454,-7.81905,-10.849,-10.997,0
mobley_8311321,C(F)(F)Cl,chloro-difluoro-methane,-0.5,-0.067,-0.19585,-0.320098,-2.681,-4.5840000000000005,0
mobley_5935995,CCC(C)(C)C,"2,2-dimethylbutane",2.51,2.495,2.08246,2.04738,2.723,1.311,0
mobley_1976156,CCCCCCCCC=O,nonanal,-2.07,-2.336,-2.91204,-1.9494,-3.3329999999999993,-5.094,0
mobley_3999471,CC(Cl)Cl,"1,1-dichloroethane",-0.84,0.187,-1.22921,-1.14971,-0.8080000000000003,-1.7140000000000002,0
mobley_4506634,[C@@H](C(F)(F)F)(Cl)Br,"2-bromo-2-chloro-1,1,1-trifluoro-ethane",-0.11,0.206,-0.0680314,0.736852,-0.4490000000000003,-3.2329999999999997,0
mobley_6620221,CC1(Cc2cccc(c2O1)OC(=O)NC)C,carbofuran,-9.61,-11.126,-9.77777,-10.4759,-10.659,-12.03,0
mobley_5890803,CCCOC(=O)CC,propyl propanoate,-2.44,-2.453,-3.38294,-2.57108,-3.0940000000000003,-4.085000000000001,0
mobley_4252724,CC(C)Cc1ccccc1,isobutylbenzene,0.16,-0.257,-1.20211,-0.216707,0.2450000000000001,-1.645,0
mobley_8883511,Cc1ccccc1C=O,2-methylbenzaldehyde,-3.93,-4.554,-5.57405,-4.75764,-6.498,-7.853999999999999,0
mobley_8746821,Cc1cccnc1C,"2,3-dimethylpyridine",-4.82,-3.367,-4.32957,-4.61909,-3.8640000000000003,-5.253,0
mobley_2341732,CCCCC(=O)OC,methyl pentanoate,-2.56,-3.492,-3.93896,-3.25219,-4.239000000000001,-5.284,0
mobley_397645,CCOC(=O)c1ccccc1,ethyl benzoate,-3.64,-4.597,-5.18154,-5.05235,-5.882,-7.053,0
mobley_8522124,CCCCCCC#C,oct-1-yne,0.71,0.832,1.15489,0.97643,1.6110000000000002,-0.21899999999999986,0
mobley_3980099,c1cc(c(c(c1)Cl)Cl)Cl,"1,2,3-trichlorobenzene",-1.24,-0.51,-1.3634,-1.59966,-0.23299999999999965,-1.5430000000000001,0
mobley_3060426,CC(C)CCC(C)(C)C,"2,2,5-trimethylhexane",2.93,2.97,2.63907,2.67309,3.508,1.81,0
mobley_4620651,COC(=O)C1CC1,methyl cyclopropanecarboxylate,-4.1,-3.604,-4.24361,-3.8208,-5.077999999999999,-5.744,0
mobley_3727287,C1=CC(=O)C=CC1=O,quinone,-6.5,-6.96,-8.87193,-7.70803,-10.569,-11.438,0
mobley_4371692,c1ccc2c(c1)C(=O)c3c(ccc(c3C2=O)O)N,"1-amino-4-hydroxy-9,10-anthracenedione",-9.53,-10.984,-17.0646,-16.0648,-17.503,-19.345,0
mobley_9246215,C=CCC=C,"penta-1,4-diene",0.93,2.357,0.305176,0.878448,0.8949999999999998,-0.5950000000000002,0
mobley_9185328,CCCN,propan-1-amine,-4.39,-3.053,-2.59226,-1.02081,-0.6309999999999998,-3.121,0
mobley_7708038,CCCBr,1-bromopropane,-0.56,0.579,-0.58304,0.296887,0.43000000000000016,-0.46799999999999997,0
mobley_7295828,COc1ccccc1,anisole,-2.45,-2.318,-3.21892,-3.51015,-3.1359999999999997,-4.486,0
mobley_3047364,CCNc1nc(nc(n1)SC)NC(C)C,"2-N-ethyl-6-(methylsulfanyl)-4-N-(propan-2-yl)-1,3,5-triazine-2,4-diamine",-7.65,-10.552,-13.5122,-10.5162,-9.675,-9.742,0
mobley_8764620,c1cc(cnc1)C#N,pyridine-3-carbonitrile,-6.75,-5.582,-7.69663,-8.15684,-8.372,-9.353,0
mobley_8337722,C[C@@H]1CC[C@H]([C@@H](C1)O)C(C)C,"(1R,2S,5R)-2-isopropyl-5-methylcyclohexanol",-3.2,-3.35,-1.92963,-1.78186,-1.0370000000000004,-2.4189999999999996,0
mobley_6257907,c1cc(cc(c1)Cl)N,3-chloroaniline,-5.82,-5.138,-7.4338,-5.54474,-5.164999999999999,-7.257,0
mobley_4219614,c1cc(c(c(c1Cl)Cl)Cl)Cl,"1,2,3,4-tetrachlorobenzene",-1.34,-0.304,-1.20981,-1.09878,0.7410000000000001,-0.7270000000000001,0
mobley_6175884,Cc1ccc(cc1)C=O,4-methylbenzaldehyde,-4.27,-5.014,-5.7769,-5.00532,-6.894,-8.328,0
mobley_3515580,COc1ccccc1O,2-methoxyphenol,-5.94,-4.746,-5.00766,-6.28411,-5.766,-7.055,0
mobley_8514745,CCCCCOC(=O)C,pentyl acetate,-2.51,-2.565,-3.68861,-2.80667,-3.7209999999999996,-4.609999999999999,0
mobley_1735893,CCCCCC(=O)O,hexanoic acid,-6.21,-7.878,-7.45533,-8.16397,-9.289,-10.270999999999999,0
mobley_628951,c1cc(c(c(c1)Cl)c2c(cccc2Cl)Cl)Cl,"1,3-dichloro-2-(2,6-dichlorophenyl)benzene",-2.28,-1.226,-2.94683,-3.74514,-1.7270000000000003,-3.692,0
mobley_5347550,COC(C(Cl)Cl)(F)F,"2,2-dichloro-1,1-difluoro-1-methoxy-ethane",-1.12,-0.685,-0.751287,-1.10932,-1.8860000000000001,-3.349,0
mobley_8052240,c1ccc2c(c1)C(=O)c3cccc(c3C2=O)N,"1-amino-9,10-anthracenedione",-9.44,-12.214,-12.045,-10.8391,-12.036,-14.281000000000002,0
mobley_1858644,c1ccc(cc1)CCO,2-phenylethanol,-6.79,-5.28,-6.0964,-5.55451,-5.3709999999999996,-7.431,0
mobley_6190089,C(C(Cl)Cl)(Cl)Cl,"1,1,2,2-tetrachloroethane",-2.37,-0.534,-1.89237,-2.18176,-1.0229999999999997,-2.971,0
mobley_2845466,c1c2c(cc(c1Cl)Cl)Oc3cc(c(cc3O2)Cl)Cl,"2,3,7,8-tetrachlorodibenzo-p-dioxin",-3.37,-2.54,-2.15698,-3.62975,-0.1479999999999997,-2.4379999999999997,0
mobley_2789243,c1cc(cnc1)Cl,3-chloropyridine,-4.01,-2.767,-4.41646,-4.48067,-3.986,-5.385,0
mobley_5063386,c1ccc(c(c1)[N+](=O)[O-])O,2-nitrophenol,-4.58,-5.667,-6.84409,-10.1749,-9.325000000000001,-9.85,0
mobley_9794857,CC(C)(C)OC,2-methoxy-2-methyl-propane,-2.21,-0.691,-0.971671,-1.20827,-0.56,-1.286,0
mobley_2049967,CCSC,methylsulfanylethane,-1.5,0.386,-1.21919,0.226437,-0.49099999999999966,-1.4539999999999997,0
mobley_1424265,Cc1cccc(c1)C,m-xylene,-0.83,-0.697,-1.44315,-0.78156,-0.395,-1.9830000000000003,0
mobley_4035953,Cc1ccccc1O,o-cresol,-5.9,-5.076,-4.67849,-5.4481,-5.009,-6.765,0
mobley_1944394,CN(C)CCOC(c1ccccc1)c2ccccc2,[2-benzhydryloxyethyl]-dimethyl-amine,-9.34,-7.873,-7.0233,-6.18442,-5.351,-5.558000000000001,0
mobley_6804509,c1c(c(cc(c1Cl)Cl)Cl)Cl,"1,2,4,5-tetrachlorobenzene",-1.34,0.035,-0.945363,-0.815437,1.104,-0.5480000000000003,0
mobley_2269032,C[C@@H](c1ccc2cc(ccc2c1)OC)C(=O)O,naproxen,-10.21,-12.199,-10.9961,-13.1193,-13.469,-14.964,0
mobley_3969312,c1ccc(cc1)C=O,benzaldehyde,-4.02,-5.058,-5.96932,-5.31384,-7.296000000000001,-8.749,0
mobley_8827942,c1ccc2c(c1)Oc3c(cc(c(c3O2)Cl)Cl)Cl,"1,2,4-trichlorodibenzo-p-dioxin",-4.05,-3.16,-2.93663,-4.18358,-1.4330000000000007,-3.472,0
mobley_8117218,C1[C@@H]2[C@H]3[C@@H]([C@H]1[C@H]4[C@@H]2O4)[C@@]5(C(=C([C@]3(C5(Cl)Cl)Cl)Cl)Cl)Cl,endrin,-4.82,-5.179,-5.63784,-4.90811,-2.489,-3.841,0
mobley_1792062,C(CBr)Br,"1,2-dibromoethane",-2.33,-1.275,-2.13828,-0.656971,-0.5999999999999996,-1.6179999999999999,0
mobley_1733799,c1cc(ccc1O)Br,4-bromophenol,-5.85,-5.833,-4.87226,-6.02331,-5.939,-7.212,0
mobley_2123854,c1cc(ccc1C#N)O,4-hydroxybenzonitrile,-10.17,-8.39,-7.41383,-10.1784,-10.456,-10.994,0
mobley_5110043,Cc1ccc2cc(ccc2c1)C,"2,6-dimethylnaphthalene",-2.63,-2.848,-2.44192,-2.39904,-1.8089999999999997,-3.5250000000000004,0
mobley_1363784,Cc1cc(cnc1)C,"3,5-dimethylpyridine",-4.84,-2.869,-4.40906,-4.24443,-3.836,-4.9510000000000005,0
mobley_7768165,C(CBr)Cl,1-bromo-2-chloro-ethane,-1.95,-0.8,-1.75506,-1.03163,-0.8340000000000001,-1.8309999999999997,0
mobley_1075836,CCC(=O)OC,methyl propanoate,-2.93,-3.652,-4.29168,-3.66474,-4.915,-5.664000000000001,0
mobley_2771569,CN1CCNCC1,1-methylpiperazine,-7.77,-8.173,-7.02368,-6.11753,-4.834,-3.0660000000000003,0
mobley_2023925,[C@@H](C(F)(F)F)(OC(F)F)Cl,"2-chloro-2-(difluoromethoxy)-1,1,1-trifluoro-ethane",0.1,-1.156,-0.445985,-0.295295,-4.766,-8.008,0
mobley_52782,C(CO[N+](=O)[O-])O[N+](=O)[O-],"1,2-dinitroxyethane",-5.73,-6.227,-5.40157,-7.8555,-5.475,-6.087,0
mobley_8705848,CC(C)NC(C)C,N-isopropylpropan-2-amine,-3.22,-1.985,-0.958393,-0.943819,-0.18299999999999983,-0.6400000000000001,0
mobley_7690440,CSSC,methyldisulfanylmethane,-1.83,-0.093,-2.14485,-0.245632,-1.299,-2.045,0
mobley_2410897,CCN,ethanamine,-4.5,-3.156,-2.76389,-1.1554,-0.891,-3.277,0
mobley_1352110,CCCCN(CC)C(=O)SCCC,pebulate,-3.64,-4.573,-5.01902,-1.97427,-3.096,-4.154999999999999,0
mobley_4613090,c1ccc(cc1)Cn2ccnc2,1-benzylimidazole,-7.63,-7.997,-9.20296,-9.17464,-9.493,-10.636000000000001,0
mobley_9028462,COC(=O)C(F)(F)F,"methyl 2,2,2-trifluoroacetate",-1.1,-1.353,-0.109082,-0.970342,-4.1659999999999995,-6.6579999999999995,0
mobley_5571660,Cc1cccc(c1N)C,"2,6-dimethylaniline",-5.21,-5.57,-6.35824,-5.00541,-4.534,-6.796,0
mobley_9197172,CCCCCCC=C,oct-1-ene,1.92,2.895,1.73108,2.09568,2.711,0.8809999999999999,0
mobley_9414831,Cc1cccc2c1cccc2,1-methylnaphthalene,-2.44,-3.212,-2.6822,-2.85862,-2.2789999999999995,-4.051,0
mobley_210639,CC(C)I,2-iodopropane,-0.46,-0.492,-1.27049,0.349135,-1.375,-2.058,0
mobley_2492140,C(C(Cl)(Cl)Cl)(Cl)Cl,"1,1,1,2,2-pentachloroethane",-1.23,0.059,-1.06334,-0.64337,0.931,-1.5259999999999998,0
mobley_6474572,C=CCl,chloroethylene,-0.59,1.162,-0.4542,-0.467877,-0.3889999999999998,-1.2310000000000003,0
mobley_2295058,COC(=O)c1ccc(cc1)O,methyl paraben,-9.51,-9.785,-8.1405,-10.0267,-11.187000000000001,-12.155999999999999,0
mobley_5494918,C(=C(F)F)(C(F)(F)F)F,"1,1,2,3,3,3-hexafluoroprop-1-ene",2.93,2.305,3.26624,2.93803,0.016999999999999904,-3.1029999999999998,0
mobley_8772587,CCCCI,1-iodobutane,-0.25,-0.223,-0.868863,0.738478,-0.7710000000000004,-1.73,0
mobley_2925352,Cc1ccc(cc1)O,p-cresol,-6.13,-5.579,-4.56342,-5.73784,-5.67,-7.054,0
mobley_3746675,CC(=C)c1ccccc1,isopropenylbenzene,-1.24,-0.651,-1.56209,-1.00473,-0.7430000000000003,-2.662,0
mobley_7463799,c1ccc(cc1)CCCO,3-phenylpropan-1-ol,-6.92,-5.771,-6.21541,-5.50001,-5.382000000000001,-7.1290000000000004,0
mobley_1803862,CCC(C)C,isopentane,2.38,2.59,1.99285,1.92139,2.551,1.201,0
mobley_2126135,CCc1ccccc1O,2-ethylphenol,-5.66,-4.768,-4.31219,-5.03739,-4.423,-6.384,0
mobley_5538249,c1ccc(cc1)c2c(cc(cc2Cl)Cl)Cl,"1,3,5-trichloro-2-phenyl-benzene",-2.16,-1.151,-2.12882,-2.3234,-0.6160000000000005,-3.0220000000000002,0
mobley_4395315,Cc1cc(ccc1Cl)O,4-chloro-3-methyl-phenol,-6.79,-5.14,-3.95704,-5.57017,-5.0600000000000005,-6.346,0
mobley_1963873,CC(=O)NC,N-methylacetamide,-10.0,-8.276,-8.86721,-7.0254,-9.663,-10.138,0
mobley_5760563,COS(=O)(=O)OC,dimethyl sulfate,-5.1,-8.411,-1.46934,-7.4398,-10.914,-16.317,0
mobley_7009711,Cc1cc(cc(c1)O)C,"3,5-dimethylphenol",-6.27,-5.444,-4.33492,-5.40789,-5.231,-6.556000000000001,0
mobley_2661134,c1cc(cc(c1)O)C#N,3-hydroxybenzonitrile,-9.65,-7.739,-6.91532,-9.32659,-9.316,-10.122,0
mobley_6338073,CCNc1nc(nc(n1)SC)NC(C)(C)C,terbutryn,-6.68,-9.271,-11.6166,-8.93484,-7.6739999999999995,-7.5840000000000005,0
mobley_5393242,CCOP(=S)(OCC)Oc1cc(nc(n1)C(C)C)C,diazinon,-6.48,-10.753,-12.9153,-10.7023,-12.322,-12.66,0
mobley_7326982,CC(C)O,propan-2-ol,-4.74,-3.427,-3.35131,-3.41075,-3.475,-4.362,0
mobley_3167746,CCCCCCCC,octane,2.88,3.088,2.5646,2.60951,3.526,1.736,0
mobley_8789864,COC(CC#N)(OC)OC,"3,3,3-trimethoxypropanenitrile",-6.4,-5.859,-8.35648,-9.93756,-9.481,-9.584,0
mobley_664966,C(I)I,diiodomethane,-2.49,-1.882,-2.02475,-0.0667414,-2.699,-3.938,0
mobley_3034976,CC(=O)O,acetic acid,-6.69,-7.281,-8.97106,-9.75254,-11.94,-11.855,0
mobley_9838013,CCC(C)(C)O,2-methylbutan-2-ol,-4.43,-2.933,-2.57867,-2.47779,-2.224,-3.505,0
mobley_4375719,CCCCCCCCC,nonane,3.13,3.221,2.74115,2.81726,3.817,1.9,0
mobley_7375018,CCCCCCCCCC(=O)C,undecan-2-one,-2.15,-2.201,-3.30037,-1.624,-2.4560000000000004,-4.265000000000001,0
mobley_5263791,CCc1cccc2c1cccc2,1-ethylnaphthalene,-2.4,-2.961,-2.44867,-2.47181,-1.8090000000000006,-3.678,0
mobley_6973347,CCOC(=O)C,ethyl acetate,-2.94,-3.745,-4.96173,-3.94968,-5.478000000000001,-5.947,0
mobley_6359156,c1ccc(cc1)c2cc(ccc2Cl)Cl,"1,4-dichloro-2-phenyl-benzene",-2.46,-1.903,-2.38553,-2.6889,-1.585,-3.695,0
mobley_3265457,COc1cc(c(c(c1O)OC)Cl)C=O,2-chlorosyringaldehyde,-7.78,-8.292,-9.22536,-11.0125,-11.556,-13.661999999999999,0
mobley_8337977,CC(C)CC(=O)C,4-methylpentan-2-one,-3.05,-3.116,-4.56195,-2.90429,-4.2860000000000005,-5.297,0
mobley_5056289,C[C@H]1CCCO1,2-methyltetrahydrofuran,-3.3,-1.984,-1.68205,-1.71277,-1.061,-1.562,0
mobley_1328936,COC(=O)c1ccc(cc1)[N+](=O)[O-],methyl 4-nitrobenzoate,-6.88,-6.588,-6.14795,-7.73074,-7.502000000000001,-8.578999999999999,0
mobley_2613240,COc1ccccc1OC,"1,2-dimethoxybenzene",-5.33,-4.055,-4.45569,-5.53734,-4.789,-6.216,0
mobley_3452749,Cc1cccc(c1C)C,"1,2,3-trimethylbenzene",-1.21,-0.883,-1.2888,-0.721355,-0.13600000000000012,-1.633,0
mobley_1674094,CCCCC#C,hex-1-yne,0.29,0.553,0.842092,0.587594,1.031,-0.53,0
mobley_1189457,CSc1ccccc1,methylsulfanylbenzene,-2.73,-1.325,-2.63325,-1.61028,-2.1639999999999997,-3.516,0
mobley_1244778,C1CCCC(CC1)O,cycloheptanol,-5.48,-4.345,-3.16298,-2.99454,-2.5780000000000003,-3.5999999999999996,0
mobley_1905088,c1ccc(cc1)CBr,benzyl bromide,-2.38,-1.853,-2.83859,-2.19608,-2.106,-3.643,0
mobley_3802803,CCCCCCO[N+](=O)[O-],hexyl nitrate,-1.66,-1.596,-1.57366,-2.12569,-0.41700000000000026,-1.4440000000000002,0
mobley_8785107,C[C@H]1CC[C@@H](O1)C,"2,5-dimethyltetrahydrofuran",-2.92,-1.787,-1.32706,-1.35293,-0.43400000000000016,-1.1150000000000002,0
mobley_7573149,CCCOC(=O)C,propyl acetate,-2.79,-3.486,-4.54446,-3.57014,-4.890000000000001,-5.5280000000000005,0
mobley_3259411,C(C(CO)O)O,glycerol,-13.43,-10.14,-12.3071,-13.0406,-13.638,-14.259,0
mobley_4287564,Cc1ccccn1,2-methylpyridine,-4.63,-3.501,-4.2938,-4.96656,-4.2940000000000005,-5.762,0
mobley_2043882,CC(=O)C1CCCCC1,1-cyclohexylethanone,-3.9,-4.003,-3.87304,-2.54708,-3.2510000000000003,-4.517,0
mobley_5518547,Cc1ccc(cc1)N,4-methylaniline,-5.57,-5.494,-7.02499,-5.08095,-4.956,-7.390000000000001,0
mobley_9507933,Cc1ccc(nc1)C,"2,5-dimethylpyridine",-4.72,-3.165,-3.98213,-4.47248,-3.745,-5.0760000000000005,0
mobley_7106722,CCCC(C)C,isohexane,2.51,2.808,2.17726,2.1352,2.8379999999999996,1.3719999999999999,0
mobley_3266352,CN(CC(F)(F)F)c1ccccc1,"N-methyl-N-(2,2,2-trifluoroethyl)aniline",-1.92,-3.964,-5.60085,-3.26379,-6.219,-6.957,0
mobley_7150646,c1cc(ccc1Br)Br,"1,4-dibromobenzene",-2.3,-1.091,-2.04844,-1.08425,-0.5670000000000002,-2.049,0
mobley_7047032,CC(C)(C)Cl,2-chloro-2-methyl-propane,1.09,0.826,-0.324473,-0.213058,0.10400000000000009,-0.8719999999999999,0
mobley_3762186,C(Cl)Cl,dichloromethane,-1.31,0.038,-1.0941,-1.38311,-1.1939999999999997,-2.137,0
mobley_8221999,CCCC#N,butanenitrile,-3.64,-2.287,-3.76859,-4.1298,-4.3709999999999996,-4.824,0
mobley_4364398,CI,iodomethane,-0.89,-0.641,-1.35683,-0.142538,-2.244,-2.6769999999999996,0
mobley_5627459,CC(C)C=O,2-methylpropanal,-2.86,-2.968,-3.84861,-2.85653,-4.654,-5.672000000000001,0
mobley_1571523,Cc1cccc(c1C)O,"2,3-dimethylphenol",-6.16,-5.148,-4.45142,-5.22681,-4.644,-6.337999999999999,0
mobley_5467162,CC(C)(C)c1ccc(cc1)O,4-tert-butylphenol,-5.91,-5.543,-4.0599,-4.97685,-4.756,-6.227,0
mobley_6571751,CC1=CCCCC1,1-methylcyclohexene,0.67,1.338,0.918688,1.21238,1.9969999999999999,0.5519999999999999,0
mobley_3976574,c1cc2c(cc1Cl)Oc3c(c(c(c(c3Cl)Cl)Cl)Cl)O2,"1,2,3,4,7-pentachlorodibenzo-p-dioxin",-4.15,-2.31,-2.18143,-2.59,0.9000000000000004,-1.314,0
mobley_2518989,CCOP(=S)(OCC)S[C@@H](CCl)N1C(=O)c2ccccc2C1=O,dialifor,-5.74,-16.515,-17.1026,-15.6455,-20.831,-22.442,0
mobley_2792521,CCC/C=C/C=O,(2E)-hex-2-enal,-3.68,-3.123,-4.5269,-3.42936,-5.516,-6.573,0
mobley_8614858,CCCCCCC,heptane,2.67,2.925,2.39092,2.4032,3.2350000000000003,1.577,0
mobley_3525176,CCCCCc1ccccc1,pentylbenzene,-0.23,-0.094,-1.05596,-0.0397684,0.5590000000000002,-1.5199999999999998,0
mobley_2929847,CC(C)CC(=O)O,3-methylbutanoic acid,-6.09,-8.844,-7.55965,-8.48621,-9.69,-10.241,0
mobley_2727678,c1c(c(=O)[nH]c(=O)[nH]1)I,5-iodouracil,-18.72,-17.742,-18.2348,-14.1359,-20.982,-20.654,0
mobley_632905,CC(=O)c1ccc(cc1)OC,1-(4-methoxyphenyl)ethanone,-4.4,-6.575,-7.48135,-7.34625,-8.787,-9.741999999999999,0
mobley_3639400,CCCCCl,1-chlorobutane,-0.16,0.993,-0.180725,0.078599,0.43800000000000017,-0.567,0
mobley_2751110,c1cc(ccc1[N+](=O)[O-])O,4-nitrophenol,-10.64,-8.472,-6.17855,-9.25937,-8.464,-9.078,0
mobley_8124669,CCc1cccc(c1N(COC)C(=O)CCl)CC,alachlor,-8.21,-6.851,-8.82732,-7.4364,-8.59,-9.942,0
mobley_1743409,CCOC(=O)CCC(=O)OCC,diethyl butanedioate,-5.71,-8.683,-9.16167,-7.41548,-9.407,-10.415,0
mobley_1929982,S,hydrogen sulfide,-0.7,-1.135,-2.94014,-1.04859,-3.127,-3.529,0
mobley_2972345,c1ccc2c(c1)Cc3ccccc3C2,"9,10-dihydroanthracene",-3.78,-4.304,-3.55265,-3.33095,-2.5729999999999995,-4.531000000000001,0
mobley_7417968,CCOCCOC(=O)C,2-ethoxyethyl acetate,-5.31,-5.751,-6.76849,-6.13159,-7.59,-7.7459999999999996,0
mobley_5286200,C(CCCl)CCl,"1,4-dichlorobutane",-2.32,-0.404,-2.26542,-1.73982,-1.448,-2.343,0
mobley_628086,C[C@@H](C(F)(F)F)O,"1,1,1-trifluoropropan-2-ol",-4.16,-3.518,-3.36503,-4.17257,-6.6899999999999995,-7.478999999999999,0
mobley_967099,CC(C)[N+](=O)[O-],2-nitropropane,-3.13,-1.741,-2.34566,-2.83293,-1.9499999999999997,-2.398,0
mobley_6688723,COc1c(cc(c(c1O)OC)Cl)Cl,"3,5-dichloro-2,6-dimethoxyphenol",-6.44,-5.98,-5.33646,-7.64047,-6.093,-7.752,0
mobley_1755375,Cc1cccc(c1O)C,"2,6-dimethylphenol",-5.26,-4.308,-4.11941,-4.98249,-4.414,-5.9079999999999995,0
mobley_2837389,c1cc[nH]c1,pyrrole,-4.78,-4.014,-5.43569,-4.12816,-4.81,-6.364,0
mobley_2972906,c1ccsc1,thiophene,-1.4,-0.359,-2.35133,-0.814638,-1.053,-2.2910000000000004,0
mobley_859464,CC(C)COC(=O)C,isobutyl acetate,-2.36,-2.896,-4.01866,-3.00997,-4.16,-4.971,0
mobley_2328633,CCCCCC1CCCC1,pentylcyclopentane,2.55,2.381,2.45293,2.63282,3.698,1.933,0
mobley_3573480,CCCCCC(=O)C,heptan-2-one,-3.04,-2.945,-4.0349,-2.4956,-3.7390000000000003,-4.941,0
mobley_20524,c1ccc(cc1)O,phenol,-6.6,-5.707,-5.06,-6.11241,-6.148,-7.579000000000001,0
mobley_186894,CCCS,propanethiol,-1.1,-0.182,-1.82824,0.13347,-1.162,-1.932,0
mobley_1923244,CCCC,n-butane,2.1,2.588,1.86422,1.77912,2.348,1.092,0
mobley_194273,CC[C@H](C)n1c(=O)c(c([nH]c1=O)C)Br,bromacil,-9.73,-14.496,-14.4769,-10.2147,-13.664000000000001,-14.286,0
mobley_9281946,CCOP(=S)(OCC)Oc1ccc(cc1)[N+](=O)[O-],diethoxy-(4-nitrophenoxy)-thioxo-$l^{5}-phosphane,-6.74,-9.211,-7.12798,-9.54779,-10.141000000000002,-10.879,0
mobley_8578590,CS(=O)C,methylsulfinylmethane,-9.280000000000001,-8.243,-8.95067,-8.40352,-10.457,-9.477,0
mobley_7239499,c1ccc2c(c1)Oc3cccc(c3O2)Cl,1-chlorodibenzo-p-dioxin,-3.52,-4.473,-3.67465,-5.90534,-3.9799999999999995,-5.697,0
mobley_1781152,CC(C)(C)C(=O)OC,"methyl 2,2-dimethylpropanoate",-2.4,-3.304,-3.65181,-3.03474,-3.919,-4.938,0
mobley_8191186,C(C(F)(F)F)Cl,"2-chloro-1,1,1-trifluoro-ethane",0.06,0.233,0.084301,-0.29212,-2.27,-4.2,0
mobley_2923700,CCc1ccc(cc1)O,4-ethylphenol,-6.13,-5.453,-4.28096,-5.37761,-5.236,-6.699999999999999,0
mobley_4587267,C([C@H]([C@H]([C@@H]([C@@H](CO)O)O)O)O)O,"(2R,3R,4R,5R)-Hexan-1,2,3,4,5,6-hexol",-23.62,-18.162,-20.4906,-22.5047,-22.823,-22.502,0
mobley_3572203,CCCCCOC(=O)CC,pentyl propanoate,-2.11,-2.176,-2.93872,-2.15562,-2.452,-3.7239999999999993,0
mobley_1873346,Cc1ccccc1,toluene,-0.9,-0.79,-1.62474,-1.10628,-0.815,-2.462,0
mobley_7360181,COC(C(F)(F)F)(OC)OC,"1,1,1-trifluoro-2,2,2-trimethoxyethane",-0.8,-2.319,-2.39459,-2.7929,-4.132000000000001,-4.278,0
mobley_637522,c1ccc2cc3ccccc3cc2c1,anthracene,-3.95,-5.187,-4.00062,-4.55744,-3.889,-5.886,0
mobley_6632459,CCC=O,propanal,-3.43,-3.148,-4.03153,-3.24306,-5.252000000000001,-6.194,0
mobley_8320545,CC[N+](=O)[O-],1-nitroethane,-3.71,-1.839,-2.56312,-3.10408,-2.3560000000000003,-2.6659999999999995,0
mobley_7497999,CC(=O)c1ccccc1,1-phenylethanone,-4.58,-5.078,-6.31198,-5.48386,-7.026,-8.237,0
mobley_2457863,COc1cccc(c1)O,3-methoxyphenol,-7.66,-6.969,-5.90371,-7.57558,-7.261000000000001,-8.399999999999999,0
mobley_4177472,CC(C)C(C)C(C)C,"2,3,4-trimethylpentane",2.56,2.674,2.48061,2.41431,3.1599999999999997,1.621,0
mobley_3395921,C1CCOCC1,tetrahydropyran,-3.12,-1.809,-1.46084,-1.45809,-0.907,-1.386,0
mobley_6935906,CC(=CCC[C@](C)(C=C)OC(=O)C)C,"(3R)-3,7-Dimethylocta-1,6-dien-3-yl acetate",-2.49,-2.964,-4.18431,-3.13728,-3.560999999999999,-5.132,0
mobley_8011706,CN(C)C=O,"N,N-dimethylformamide",-7.81,-6.932,-8.04362,-5.49561,-8.517,-9.064,0
mobley_3690931,CCCC(=O)OCCC,propyl butanoate,-2.28,-2.754,-3.40136,-2.54764,-3.1360000000000006,-4.238,0
mobley_3378420,CCCCCCCCCO,nonan-1-ol,-3.88,-2.564,-2.30847,-2.24879,-1.6150000000000002,-3.4150000000000005,0
mobley_2689721,C1CCCCC1,cyclohexane,1.23,1.503,1.6215,1.72768,2.562,1.196,0
mobley_9717937,c1ccc(cc1)c2ccccc2Cl,1-chloro-2-phenyl-benzene,-2.69,-2.508,-2.87984,-2.95728,-2.358,-4.454000000000001,0
mobley_1417007,C1C=CC[C@@H]2[C@@H]1C(=O)N(C2=O)SC(Cl)(Cl)Cl,captan,-9.01,-8.718,-9.73036,-6.82641,-8.097000000000001,-10.528,0
mobley_1592519,CCCCCC(=O)OCC,ethyl hexanoate,-2.23,-2.929,-3.55178,-2.60682,-3.1799999999999997,-4.436999999999999,0
mobley_1563176,CCCCS,butane-1-thiol,-0.99,-0.174,-1.62836,0.370867,-0.798,-1.7380000000000002,0
mobley_7893124,CC(C)(C)c1ccccc1,tert-butylbenzene,-0.44,-0.803,-1.20035,-0.343057,0.10499999999999998,-1.677,0
mobley_2763835,CCOc1ccccc1,ethoxybenzene,-2.22,-2.254,-2.90258,-3.02813,-2.433,-3.8880000000000003,0
mobley_4883284,c1ccc(cc1)N,aniline,-5.49,-5.543,-7.43596,-5.40238,-5.353,-7.889,0
mobley_3775790,Cn1cccc1,1-methylpyrrole,-2.89,-2.374,-3.72112,-2.31487,-2.6060000000000003,-4.087,0
mobley_1977493,CCCCl,1-chloropropane,-0.33,0.973,-0.33592,-0.111232,0.13600000000000012,-0.7229999999999999,0
mobley_3398536,c1ccc(cc1)I,iodobenzene,-1.74,-1.057,-1.37084,-0.463833,-1.3129999999999997,-2.6179999999999994,0
mobley_5690766,C=CCCC=C,"hexa-1,5-diene",1.01,2.487,0.582552,1.24393,1.297,-0.4690000000000001,0
mobley_5852491,CC1CCCC1,methylcyclopentane,1.59,1.785,1.71301,1.78368,2.572,1.233,0
mobley_4218209,COc1ccc(cc1)N,4-methoxyaniline,-7.48,-7.016,-8.69615,-7.35921,-7.179,-9.281,0
mobley_9015240,CCCCCCCCBr,1-bromooctane,0.52,1.352,0.327821,1.38253,2.0279999999999996,0.405,0
mobley_7814642,c1cc(c(cc1Cl)Cl)Cl,"1,2,4-trichlorobenzene",-1.12,-0.117,-0.974442,-1.35859,0.08000000000000007,-1.3780000000000001,0
mobley_6794076,CC(=O)c1ccncc1,1-(4-pyridyl)ethanone,-7.62,-7.566,-9.78961,-8.7282,-10.257000000000001,-11.429,0
mobley_2364370,CCCCOC(=O)C,butyl acetate,-2.64,-3.406,-4.44732,-3.4179,-4.667999999999999,-5.4079999999999995,0
mobley_627267,CC(C)CBr,1-bromo-2-methyl-propane,-0.03,0.756,-0.373348,0.523229,0.752,-0.2749999999999999,0
mobley_6978427,COC(=O)C1CCCCC1,methyl cyclohexanecarboxylate,-3.3,-4.376,-3.55544,-2.90341,-3.296,-4.486000000000001,0
mobley_1760914,Cc1ccccc1Cl,1-chloro-2-methyl-benzene,-1.14,-0.473,-1.21859,-1.37383,-0.6750000000000003,-2.1430000000000002,0
mobley_5616693,C[C@@H]1CC[C@H](C(=O)C1)C(C)C,"(2S,5R)-2-isopropyl-5-methylcyclohexanone",-2.53,-3.523,-3.17761,-1.84565,-2.486,-3.8859999999999997,0
mobley_6232400,c1cc(cnc1)C=O,pyridine-3-carbaldehyde,-7.1,-7.425,-9.07725,-8.3462,-10.541,-12.052999999999999,0
mobley_2484519,c1ccc(cc1)CCl,benzyl chloride,-1.93,-1.742,-2.62514,-2.59937,-2.432,-3.8970000000000002,0
mobley_4639255,C(CO)O,ethylene glycol,-9.3,-7.266,-9.47761,-10.2154,-10.744,-11.607000000000001,0
mobley_2198613,CCCl,chloroethane,-0.63,0.775,-0.552755,-0.452146,-0.375,-1.0570000000000002,0
mobley_8668219,CC[C@@H](C)C(C)C,"2,3-dimethylpentane",2.52,2.625,2.29599,2.2233,2.964,1.47,0
mobley_197466,CC(=O)C1CC1,1-cyclopropylethanone,-4.61,-3.043,-4.84475,-3.38543,-4.9830000000000005,-5.757,0
mobley_9534740,C([C@@H]1[C@H]([C@@H]([C@H]([C@@H](O1)O)O)O)O)O,"(2R,3R,4S,5S,6R)-6-(hydroxymethyl)tetrahydropyran-2,3,4,5-tetrol",-25.47,-18.095,-15.6033,-18.0083,-18.104,-17.106,0
mobley_6102880,c1ccc(cc1)Oc2ccccc2,diphenyl ether,-2.87,-2.81,-3.52784,-4.02958,-3.373,-5.365,0
mobley_5200358,CC(C)(/C=N\OC(=O)NC)SC,aldicarb,-9.84,-9.679,-11.6594,-9.03768,-11.128,-11.571,0
mobley_7463408,CCC(=O)Nc1ccc(c(c1)Cl)Cl,"N-(3,4-dichlorophenyl)propanimidic acid",-7.78,-9.409,-8.66158,-7.21377,-7.450999999999999,-9.035,0
mobley_1520842,Cc1ccncc1,4-methylpyridine,-4.93,-3.343,-4.65612,-4.83966,-4.612,-5.8420000000000005,0
mobley_8691603,Cc1cccc(c1)O,m-cresol,-5.49,-5.378,-4.65507,-5.4018,-5.299000000000001,-6.707,0
mobley_3183805,Cc1ccc(c(c1)C)C,"1,2,4-trimethylbenzene",-0.86,-0.795,-1.18579,-0.601092,-0.06199999999999983,-1.5759999999999998,0
mobley_1278715,C(C(Cl)(Cl)Cl)(Cl)(Cl)Cl,hexachloroethane,-0.64,0.885,-0.443376,1.07819,2.819,0.05400000000000005,0
mobley_3709920,CCCCCCCC=C,non-1-ene,2.06,2.995,1.93711,2.33978,3.037,1.043,0
mobley_590519,CCSSCC,ethyldisulfanylethane,-1.64,-0.979,-2.95833,-0.752234,-2.0940000000000003,-2.961,0
mobley_9510785,c1ccc(cc1)c2cc(c(c(c2Cl)Cl)Cl)Cl,"1,2,3,4-tetrachloro-5-phenyl-benzene",-3.48,-1.31,-2.31047,-1.84572,0.2370000000000001,-2.0210000000000004,0
mobley_9913368,C(=C/Cl)\Cl,"(E)-1,2-dichloroethylene",-0.78,1.024,-0.252349,-0.59588,-0.0900000000000003,-1.1260000000000001,0
mobley_1849020,CCOP(=S)(OCC)SCSc1ccc(cc1)Cl,4-chlorophenyl)sulfanylmethylsulfanyl-diethoxy-thioxo-$l^{5}-phosphane,-6.5,-7.024,-9.58076,-8.7748,-10.986999999999998,-10.36,0
mobley_1107178,CCI,iodoethane,-0.74,-0.609,-1.27761,0.116715,-1.7760000000000002,-2.347,0
mobley_2681549,c1c(cc(cc1Cl)Cl)Cl,"1,3,5-trichlorobenzene",-0.78,0.326,-0.522718,-0.872876,0.6010000000000004,-0.9580000000000002,0
mobley_6358463,c1ccc(c(c1)C(F)(F)F)C(F)(F)F,"1,2-bis(trifluoromethyl)benzene",1.07,-1.441,-0.747642,-1.91092,-4.835,-6.631,0
mobley_951560,C1CNCCN1,piperazine,-7.4,-8.481,-8.37368,-7.19666,-5.7490000000000006,-5.701,0
mobley_6714389,CN,methanamine,-4.55,-3.583,-3.66075,-2.02662,-1.727,-4.327999999999999,0
mobley_718988,CCCCCCCN,heptan-1-amine,-3.79,-2.554,-1.67952,-0.0735249,0.5760000000000001,-2.307,0
mobley_6861308,CN(C)C(=O)Nc1ccccc1,fenuron,-9.13,-11.81,-10.6909,-9.06243,-10.746,-11.928,0
mobley_7099614,C=CCCl,3-chloroprop-1-ene,-0.57,0.944,-1.17006,-0.680189,-0.6890000000000001,-1.577,0
mobley_5973402,CC(C)CCO,3-methylbutan-1-ol,-4.42,-3.237,-3.03197,-3.09007,-2.877,-4.03,0
mobley_5310099,CCCCC=C,hex-1-ene,1.58,2.628,1.36726,1.66878,2.1020000000000003,0.5449999999999999,0
mobley_9100956,CC1CCCCC1,methylcyclohexane,1.7,1.679,1.8222,1.95342,2.807,1.387,0
mobley_2607611,CCCCCCOC(=O)C,hexyl acetate,-2.26,-2.219,-3.31809,-2.43606,-3.1550000000000002,-4.225,0
mobley_8118832,C=CCO,prop-2-en-1-ol,-5.03,-3.286,-4.3071,-4.28499,-4.668,-5.6370000000000005,0
mobley_4479135,C=C(c1ccccc1)c2ccccc2,"1,1-diphenylethene",-2.78,-2.47,-3.43834,-2.6631,-2.6350000000000007,-5.0489999999999995,0
mobley_2577969,c1cc2ccc3cccc4c3c2c(c1)cc4,pyrene,-4.52,-6.79,-4.74726,-5.89031,-4.7459999999999996,-6.704000000000001,0
mobley_2489709,c1ccc(c(c1)Cl)Cl,"1,2-dichlorobenzene",-1.36,-0.553,-1.42337,-1.79157,-0.863,-2.164,0
mobley_676247,C(F)(F)(F)F,tetrafluoromethane,3.12,2.489,2.81522,2.64568,0.5920000000000001,-3.3639999999999994,0
mobley_6812653,CCCCCC,hexane,2.48,2.851,2.20942,2.18986,2.9330000000000003,1.411,0
mobley_1800170,CCS,ethanethiol,-1.14,-0.395,-2.08024,-0.168841,-1.6020000000000003,-2.2350000000000003,0
mobley_6198745,CC(=O)OCC(COC(=O)C)OC(=O)C,"2,3-diacetoxypropyl acetate",-8.84,-12.333,-14.6721,-12.6393,-17.582,-16.936,0
mobley_8573194,CCCC=O,butanal,-3.18,-3.044,-3.81647,-3.00616,-4.881,-5.963,0
mobley_6266306,C1CNC1,azetidine,-5.56,-3.861,-4.82283,-5.73852,-4.172000000000001,-4.647,0
mobley_3187514,Cc1ccccc1N,2-methylaniline,-5.53,-5.325,-6.689,-5.0237,-4.755,-7.146999999999999,0
mobley_4893032,CCCCC#N,pentanenitrile,-3.52,-2.147,-3.52263,-3.90089,-3.983,-4.622999999999999,0
mobley_3414356,CCCC(C)(C)O,2-methylpentan-2-ol,-3.92,-2.779,-2.26997,-2.14173,-1.6560000000000001,-3.1370000000000005,0
mobley_129464,CCCCOCCCC,1-butoxybutane,-0.83,0.139,0.0773561,0.0647066,1.117,-0.1260000000000001,0
mobley_8449031,CCN(CC)CC,"N,N-diethylethanamine",-3.22,-1.955,-1.08071,-1.14769,0.07299999999999995,1.43,0
mobley_8057732,c1cc(cc(c1)Cl)O,3-chlorophenol,-6.62,-5.018,-4.03934,-5.67392,-5.199,-6.527,0
mobley_9897248,CC(=CCC/C(=C\CO)/C)C,"(2Z)-3,7-dimethylocta-2,6-dien-1-ol",-4.78,-2.597,-3.51864,-3.43729,-3.2300000000000004,-4.7540000000000004,0
mobley_3777264,c1cc(cc(c1)[N+](=O)[O-])N,3-nitroaniline,-8.84,-8.204,-9.68762,-8.43913,-7.702,-8.952,0
mobley_2958326,CCCNCCC,N-propylpropan-1-amine,-3.65,-2.233,-1.81251,-1.38743,-0.7080000000000002,-1.2779999999999998,0
mobley_2517158,CCCCCCCBr,1-bromoheptane,0.34,1.223,0.154981,1.16712,1.723,0.2330000000000001,0
mobley_9434451,CC(C)Br,2-bromopropane,-0.48,0.448,-0.773557,-0.00815737,0.07100000000000017,-0.766,0
mobley_5665561,Cc1cc(c2ccccc2c1)C,"1,3-dimethylnaphthalene",-2.47,-2.995,-2.45249,-2.49026,-1.846,-3.5390000000000006,0
mobley_36119,CCCCCCCCO,octan-1-ol,-4.09,-2.69,-2.43375,-2.42155,-1.8890000000000002,-3.52,0
mobley_5561855,c1cc(c(c(c1)Cl)c2c(cc(cc2Cl)Cl)Cl)Cl,"1,3,5-trichloro-2-(2,6-dichlorophenyl)benzene",-1.96,-0.477,-2.31379,-2.87056,-0.399,-2.5409999999999995,0
mobley_9478823,Cc1ccccc1C,o-xylene,-0.9,-0.851,-1.66965,-0.927437,-0.47399999999999975,-2.054,0
mobley_6727159,C(CO[N+](=O)[O-])O,2-(nitrooxy)ethan-1-ol,-8.18,-6.676,-7.54544,-9.17524,-8.548,-8.745,0
mobley_994483,CCBr,bromoethane,-0.74,0.487,-0.821768,-0.0625732,-0.09499999999999975,-0.8179999999999998,0
mobley_9617923,CCCCCCCCC(=O)C,decan-2-one,-2.34,-2.573,-3.56638,-1.91201,-2.8360000000000003,-4.496,0
mobley_3211679,C1CCC=CC1,cyclohexene,0.14,1.175,0.532738,0.9559,1.638,0.18699999999999983,0
mobley_2310185,CCO,ethanol,-5.0,-3.394,-3.49758,-3.71136,-3.754,-4.6930000000000005,0
mobley_5326154,CN(C)c1ccccc1,"N,N-dimethylaniline",-3.45,-4.426,-5.18983,-3.48933,-3.732,-4.5169999999999995,0
mobley_6334915,COP(=O)([C@H](C(Cl)(Cl)Cl)O)OC,"(1R)-2,2,2-trichloro-1-dimethoxyphosphoryl-ethanol",-12.74,-13.424,-7.95879,-11.992,-13.709,-15.463999999999999,0
mobley_3686115,CCOC(C)OCC,"1,1-diethoxyethane",-3.28,-1.795,-2.54119,-3.10348,-2.187,-2.654,0
mobley_3210206,C[C@@H](CO[N+](=O)[O-])O[N+](=O)[O-],"1,2-dinitroxypropane",-4.95,-5.646,-5.50793,-7.45565,-4.880999999999999,-5.277,0
mobley_9733743,CCCCN,butan-1-amine,-4.24,-2.961,-2.37505,-0.793,-0.3490000000000002,-2.9019999999999997,0
mobley_9942801,CCc1ccc(cc1)C,1-ethyl-4-methyl-benzene,-0.95,-0.575,-1.20131,-0.421314,0.05900000000000016,-1.6409999999999998,0
mobley_2146331,C=O,formaldehyde,-2.75,-3.155,-3.69162,-3.91934,-6.869,-7.735,0
mobley_1160109,C[C@@H]1CC[C@H](CC1=O)C(=C)C,"(2R,5R)-2-methyl-5-(1-methylethenyl)-cyclohexanone",-3.75,-3.344,-4.06934,-2.45829,-3.437,-4.779,0
mobley_8882696,C1CCOC1,tetrahydrofuran,-3.47,-2.201,-2.12096,-2.12318,-1.7679999999999998,-2.05,0
mobley_7326706,CCOP(=S)(OCC)Oc1c(cc(c(n1)Cl)Cl)Cl,chlorpyrifos,-5.04,-9.625,-9.57371,-9.24118,-11.559,-12.542,0
mobley_6115639,COP(=O)(OC)OC,trimethyl phosphate,-8.7,-10.642,-8.41274,-11.8161,-14.578,-15.350999999999999,0
mobley_7261305,NN,hydrazine,-9.3,-6.508,-12.0564,-9.52375,-10.450000000000001,-12.834,0
mobley_1199854,CCCI,1-iodopropane,-0.53,-0.443,-0.940476,0.516745,-1.1310000000000002,-1.9200000000000002,0
mobley_3843583,c1ccc2c(c1)cccc2N,naphthalen-1-amine,-7.28,-7.777,-8.42742,-7.15087,-6.741999999999999,-9.178,0
mobley_9112978,CC/C=C\C,pent-2-ene,1.31,2.374,1.06501,1.27629,1.7570000000000001,0.30900000000000005,0
mobley_7983227,CC[C@@H](C)CO,2-methylbutan-1-ol,-4.42,-2.995,-2.47228,-2.61554,-1.9819999999999998,-3.666,0
mobley_3151666,CCCCCCCCCCO,decan-1-ol,-3.64,-2.446,-2.09909,-1.99121,-1.3319999999999999,-3.2139999999999995,0
mobley_5220185,CCc1cnccn1,2-ethylpyrazine,-5.45,-5.809,-7.24029,-7.14591,-7.269,-8.649000000000001,0
mobley_2008055,CC,ethane,1.83,2.465,1.58483,1.41048,1.76,0.8140000000000001,0
mobley_2859600,C=Cc1ccccc1,styrene,-1.24,-1.078,-2.152,-1.55695,-1.4969999999999994,-3.25,0
mobley_9073553,CSC,methylsulfanylmethane,-1.61,0.44,-1.27172,0.0643906,-0.7969999999999997,-1.558,0
mobley_2725802,CC(=O)N1CCCC1,1-pyrrolidin-1-ylethanone,-9.8,-7.831,-8.14114,-5.59666,-7.93,-8.065,0
mobley_2316618,c1ccc2c(c1)C(=O)c3cccc(c3C2=O)NCCO,"1-(2-hydroxyethylamino)-9,10-anthraquinone",-14.21,-13.599,-14.8526,-13.9255,-15.301999999999998,-16.648,0
mobley_9114381,COC(=O)CC#N,methyl 2-cyanoacetate,-6.72,-6.36,-7.79861,-9.04241,-10.633000000000001,-11.432,0
mobley_7039935,c1ccc2c(c1)cccc2O,naphthalen-1-ol,-7.67,-7.137,-5.78865,-7.10313,-6.529,-8.375,0
mobley_7610437,CC[C@H](C(C)C)O,2-methylpentan-3-ol,-3.88,-2.416,-1.95797,-1.58444,-1.5909999999999997,-2.6489999999999996,0
mobley_6456034,CC(C)COC(=O)C(C)C,isobutyl 2-methylpropanoate,-1.69,-2.58,-3.224,-2.21412,-2.6799999999999997,-3.9799999999999995,0
mobley_3201701,Cc1c(nc(nc1OC(=O)N(C)C)N(C)C)C,pirimor,-9.41,-13.87,-14.251,-12.4405,-12.344999999999999,-13.113,0
mobley_511661,C=CC=C,butadiene,0.56,1.955,-0.0290425,0.523721,0.3790000000000002,-0.9279999999999999,0
mobley_1144156,CCOCC,ethoxyethane,-1.59,-0.617,-0.719727,-0.907798,-0.3540000000000001,-1.157,0
mobley_6082662,c1cc(ccc1N)N(=O)=O,4-nitroaniline,-9.82,-9.416,-11.168,-9.72809,-9.199,-10.174,0
mobley_7732703,C(F)(F)(F)Br,bromo-trifluoro-methane,1.79,1.564,1.34498,2.43488,0.8799999999999999,-2.473,0
mobley_902954,CCCCO[N+](=O)[O-],butyl nitrate,-2.09,-1.938,-1.98016,-2.62101,-1.112,-1.8810000000000002,0
mobley_1717215,COC=O,methyl formate,-2.78,-4.028,-4.36373,-4.6221,-6.998,-7.8100000000000005,0
mobley_5499659,Cn1ccnc1,1-methylimidazole,-8.41,-6.282,-7.40458,-7.36834,-8.054,-8.355,0
mobley_7203421,CCCCCC(=O)N,hexanamide,-9.31,-8.103,-8.27591,-7.01392,-9.206,-9.978,0
mobley_6430250,CCCc1ccccc1,propylbenzene,-0.53,-0.511,-1.44733,-0.48298,-0.053999999999999826,-1.884,0
mobley_5072416,COc1ccccc1N,2-methoxyaniline,-6.12,-6.771,-8.0781,-6.82336,-6.319000000000001,-8.772,0
mobley_9883303,CCC[C@H](C)CC,3-methylhexane,2.71,2.81,2.34342,2.29173,3.052,1.502,0
mobley_7542832,CCCOCCC,1-propoxypropane,-1.16,-0.004,-0.279345,-0.352327,0.47699999999999987,-0.514,0
mobley_1527293,C[C@@H](c1ccc(c(c1)F)c2ccccc2)C(=O)O,flurbiprofen,-8.42,-13.953,-12.837,-13.7258,-15.736,-17.747999999999998,0
mobley_6917738,COCCN,2-methoxyethanamine,-6.55,-5.027,-4.55638,-3.13285,-2.7910000000000004,-4.715,0
mobley_6250025,CCCCCCI,1-iodohexane,0.08,0.043,-0.495998,1.14509,-0.1469999999999998,-1.411,0
mobley_6006813,CCCC[N+](=O)[O-],1-nitrobutane,-3.09,-1.449,-2.05568,-2.46107,-1.4100000000000001,-2.053,0
mobley_7157427,CCCCCCCCl,1-chloroheptane,0.29,1.467,0.36432,0.714926,1.3820000000000001,-0.06099999999999994,0
mobley_4043951,CCCC=C,pent-1-ene,1.68,2.532,1.1913,1.46041,1.7999999999999998,0.3730000000000001,0
mobley_4494568,Cc1ccc(cc1)Br,1-bromo-4-methyl-benzene,-1.39,-0.894,-1.61356,-1.08663,-0.7149999999999999,-2.147,0
mobley_2996632,C(Cl)(Cl)Cl,chloroform,-1.08,0.285,-0.666442,-0.824977,-0.06899999999999995,-1.6729999999999998,0
mobley_4291494,c1ccnc(c1)Cl,2-chloropyridine,-4.39,-3.873,-5.00659,-5.64226,-5.155,-6.463,0
mobley_5759258,CCCCCO,pentan-1-ol,-4.57,-3.054,-2.95796,-3.01855,-2.791,-4.022,0
mobley_819018,CC(=CCC/C(=C/CO)/C)C,"(2E)-3,7-dimethylocta-2,6-dien-1-ol",-4.45,-2.518,-3.53723,-3.45986,-3.258,-4.785,0
mobley_6743808,Cc1ccc(cc1C)O,"3,4-dimethylphenol",-6.5,-5.471,-4.32605,-5.20607,-4.948,-6.285,0
mobley_5880265,CCCCOCCO,2-butoxyethanol,-6.25,-3.85,-6.45394,-7.03698,-6.7780000000000005,-7.503,0
mobley_7794077,c1c(c(=O)[nH]c(=O)[nH]1)C(F)(F)F,5-trifluoromethyluracil,-15.46,-17.349,-16.8455,-14.4746,-22.52,-22.705000000000002,0
mobley_852937,c1cc(ccc1O)F,4-fluorophenol,-6.19,-4.955,-4.00628,-5.30964,-6.295999999999999,-7.3469999999999995,0
mobley_7298388,Cc1cccc(c1)[N+](=O)[O-],1-methyl-3-nitro-benzene,-3.45,-3.278,-3.08463,-4.12391,-3.13,-3.885,0
mobley_7066554,c1cc(ccc1O)Cl,4-chlorophenol,-7.03,-5.373,-4.38936,-6.21981,-5.890000000000001,-7.147,0
mobley_296847,c1ccncc1,pyridine,-4.69,-3.508,-4.80417,-5.19547,-5.032,-6.3020000000000005,0
